top_speed_kmh,battery_capacity_kwh,number_of_cells,torque_nm,efficiency_wh_per_km,range_km,acceleration_0_100_s,fast_charging_power_kw_dc,towing_capacity_kg,cargo_volume_l,seats,length_mm,width_mm,height_mm,battery_type_Lithium-ion,fast_charge_port_CCS,fast_charge_port_CHAdeMO,drivetrain_AWD,drivetrain_FWD,drivetrain_RWD,segment_A - Mini,segment_B - Compact,segment_C - Medium,segment_D - Large,segment_E - Executive,segment_F - Luxury,segment_G - Sports,segment_I - Luxury,segment_JA - Mini,segment_JB - Compact,segment_JC - Medium,segment_JD - Large,segment_JE - Executive,segment_JF - Luxury,segment_N - Passenger Van,car_body_type_Cabriolet,car_body_type_Coupe,car_body_type_Hatchback,car_body_type_Liftback Sedan,car_body_type_SUV,car_body_type_Sedan,car_body_type_Small Passenger Van,car_body_type_Station/Estate
-0.8910048947378005,-1.7845454056848586,-0.19342109273599079,-1.093689747406711,-0.20138390154585914,-1.629978280337759,0.04302455521736396,-0.9982363179920855,-1.4640161017718714,-1.6591315892593017,-1.2599311341932375,-2.7262483430970366,-2.777393472011195,-0.6364017102082349,True,True,False,False,True,False,False,True,False,False,False,False,False,False,False,False,False,False,False,False,False,False,False,True,False,False,False,False,False
-0.8910048947378005,-1.7845454056848586,-0.19342109273599079,-1.093689747406711,-0.40557497262841846,-1.629978280337759,0.04302455521736396,-0.9982363179920855,-1.4640161017718714,-1.6591315892593017,-1.2599311341932375,-2.7262483430970366,-2.777393472011195,-0.6364017102082349,True,True,False,False,True,False,False,True,False,False,False,False,False,False,False,False,False,False,False,False,False,False,False,True,False,False,False,False,False
0.42413373737707544,-1.144459680213664,-0.29040554917971634,-0.634536359470803,-0.14304359552227078,-1.0969253012348894,-0.3602251976042065,-0.791645052297086,-1.4640161017718714,-0.7184622288042347,-0.2628333160734236,-1.3326303403169535,-1.4726861336175006,-0.33782113232274863,True,True,False,False,True,False,False,False,False,False,False,False,False,False,False,True,False,False,False,False,False,False,False,False,False,True,False,False,False
0.42413373737707544,-1.144459680213664,-0.29040554917971634,-0.634536359470803,-0.14304359552227078,-1.0969253012348894,-0.2502479922892328,-0.791645052297086,-1.4640161017718714,-0.7184622288042347,-0.2628333160734236,-1.3326303403169535,-1.4726861336175006,-0.33782113232274863,True,True,False,False,True,False,False,False,False,False,False,False,False,False,False,True,False,False,False,False,False,False,False,False,False,True,False,False,False
-1.0371314094172313,-0.6914759360340492,-0.16755857101766397,-0.780630619268592,-0.20138390154585914,-0.7577097690785178,0.22631989740898695,-0.8088609911050026,-0.06894232780072483,0.012572245606560173,-0.2628333160734236,0.0040499619604416085,-0.3038858096398159,0.7569743199240345,True,True,False,False,True,False,False,False,False,False,False,False,False,False,False,False,True,False,False,False,False,False,False,False,False,True,False,False,False
-0.7448783800583699,-0.6914759360340492,-0.16755857101766397,-0.7597600107260507,-0.37640481961662425,-0.4184942369221463,0.04302455521736396,-0.8088609911050026,-0.06894232780072483,-0.11643383811299188,-0.2628333160734236,0.34296484590501436,-0.10002528801580111,0.305275496969068,True,True,False,False,True,False,False,False,False,False,False,False,False,False,False,False,True,False,False,False,False,False,False,False,False,True,False,False,False
-1.0371314094172313,-1.144459680213664,-0.29040554917971634,-0.9893367046940047,-1.0181481858760963,-0.7092504073418934,0.7762059239838559,-0.6883494194495864,-1.4640161017718714,-0.503452089271648,-0.2628333160734236,-1.3705888073187456,-1.4455047307342985,-0.5292189386595988,True,True,False,False,True,False,False,False,False,False,False,False,False,False,False,True,False,False,False,False,False,False,False,False,False,True,False,False,False
0.42413373737707544,-1.144459680213664,-0.29040554917971634,-0.634536359470803,0.03197732254849432,-0.8061691308151424,-0.323566129165882,-0.6883494194495864,-1.4640161017718714,-0.503452089271648,-0.2628333160734236,-1.3705888073187456,-1.4455047307342985,-0.735928569503397,True,True,False,False,True,False,False,False,False,False,False,False,False,False,False,True,False,False,False,False,False,False,False,False,False,True,False,False,False
-0.7448783800583699,-1.085374844016323,-0.2020419333087664,-0.8849836619812983,-0.7264466557581545,-0.8061691308151424,0.1896608289706625,-0.9465885015683356,-0.7664792147862981,-0.9012208474069335,-0.2628333160734236,-1.847780963912704,-0.8746952701870572,-0.682337183729079,True,True,False,False,True,False,False,True,False,False,False,False,False,False,False,False,False,False,False,False,False,False,False,True,False,False,False,False,False
-0.45262535069950854,-1.085374844016323,-0.2020419333087664,-0.8223718363536745,-0.5514257376873893,-0.8546284925517669,-0.1769298554125835,-0.9465885015683356,-0.7664792147862981,-0.9012208474069335,-0.2628333160734236,-1.847780963912704,-0.8746952701870572,-0.682337183729079,True,True,False,False,True,False,False,True,False,False,False,False,False,False,False,False,False,False,False,False,False,False,False,True,False,False,False,False,False
0.7163867667359367,0.08647440723094099,-0.2386805057430627,-0.2588654057050601,-0.493085431663801,0.6960710830202174,-0.323566129165882,0.4306866030649934,1.4656388235675364,0.044823766536448185,-0.2628333160734236,0.676457091706474,0.48437487397304124,-1.1187241821770975,True,True,False,False,False,True,False,False,False,False,False,False,False,False,False,False,False,False,True,False,False,False,False,False,False,False,False,False,True
0.7163867667359367,1.0269080500386196,-0.2063523535951542,0.283770416401013,-0.34723466660483004,1.7621770412259565,-0.5435205397958295,1.291483543460824,1.4656388235675364,0.044823766536448185,-0.2628333160734236,0.676457091706474,0.48437487397304124,-1.1187241821770975,True,True,False,False,False,True,False,False,False,False,False,False,False,False,False,False,False,False,True,False,False,False,False,False,False,False,False,False,True
0.7163867667359367,1.0269080500386196,-0.2063523535951542,1.4942657118684068,-0.17221374853406496,1.616798956016083,-0.873452155740751,1.291483543460824,1.4656388235675364,0.044823766536448185,-0.2628333160734236,0.676457091706474,0.48437487397304124,-1.1187241821770975,True,True,False,True,False,False,False,False,False,False,False,False,False,False,False,False,False,False,True,False,False,False,False,False,False,False,False,False,True
0.7163867667359367,0.08647440723094099,-0.2386805057430627,-0.2588654057050601,-0.7847869617817428,0.9868272534399644,-0.323566129165882,0.4306866030649934,1.4656388235675364,0.044823766536448185,-0.2628333160734236,0.676457091706474,0.48437487397304124,-1.1187241821770975,True,True,False,False,False,True,False,False,False,False,False,False,False,False,False,False,False,False,True,False,False,False,False,False,True,False,False,False,False
0.7163867667359367,1.0269080500386196,-0.2063523535951542,0.283770416401013,-0.6389361967227719,2.101392573382328,-0.5435205397958295,1.291483543460824,1.4656388235675364,0.044823766536448185,-0.2628333160734236,0.676457091706474,0.48437487397304124,-1.1187241821770975,True,True,False,False,False,True,False,False,False,False,False,False,False,False,False,False,False,False,True,False,False,False,False,False,True,False,False,False,False
0.7163867667359367,1.0269080500386196,-0.2063523535951542,1.4942657118684068,-0.4639152786520068,1.90755512643583,-0.8001340188641017,1.291483543460824,1.4656388235675364,0.044823766536448185,-0.2628333160734236,0.676457091706474,0.48437487397304124,-1.1187241821770975,True,True,False,True,False,False,False,False,False,False,False,False,False,False,False,False,False,False,True,False,False,False,False,False,True,False,False,False,False
-0.7448783800583699,-0.7407132995318334,-0.16755857101766397,-0.780630619268592,-0.20138390154585914,-0.5154129603953953,0.4462743080389344,-0.2579509492516711,-0.06894232780072483,0.14157832932611222,-0.2628333160734236,-0.24539139262276394,-0.3038858096398159,0.09856586612526981,True,True,False,False,False,True,False,False,False,False,False,False,False,False,False,False,True,False,False,False,False,False,False,False,False,True,False,False,False
-0.16037232134064724,0.14555924342828216,-0.08997100586268351,0.20028798223084793,-0.026362983475094044,0.4053149126004703,-0.06695265009760977,-0.08579156117250496,-0.06894232780072483,0.22220713165083225,-0.2628333160734236,-0.24539139262276394,-0.3038858096398159,0.09856586612526981,True,True,False,False,False,True,False,False,False,False,False,False,False,False,False,False,True,False,False,False,False,False,False,False,False,True,False,False,False
-0.16037232134064724,0.14555924342828216,-0.08997100586268351,0.7596202911709541,0.06114747556028851,0.16301810391734775,-0.10361171853593457,-0.08579156117250496,0.21007242699350448,0.22220713165083225,-0.2628333160734236,-0.24539139262276394,-0.3038858096398159,0.09856586612526981,True,True,False,True,False,False,False,False,False,False,False,False,False,False,False,False,True,False,False,False,False,False,False,False,False,True,False,False,False
-0.16037232134064724,0.14555924342828216,-0.08997100586268351,0.7596202911709541,0.06114747556028851,0.21147746565397227,-0.5435205397958295,-0.08579156117250496,0.21007242699350448,0.22220713165083225,-0.2628333160734236,-0.24539139262276394,-0.3038858096398159,0.09856586612526981,True,True,False,True,False,False,False,False,False,False,False,False,False,False,False,False,True,False,False,False,False,False,False,False,False,True,False,False,False
-0.7448783800583699,-0.7407132995318334,-0.16755857101766397,-0.780630619268592,-0.1138734425104766,-0.6607910456052688,0.4462743080389344,-0.2579509492516711,-0.06894232780072483,0.14157832932611222,-0.2628333160734236,-0.24539139262276394,-0.3038858096398159,0.23637228668780194,True,True,False,False,False,True,False,False,False,False,False,False,False,False,False,False,True,False,False,False,False,False,False,False,False,True,False,False,False
-0.16037232134064724,0.14555924342828216,-0.08997100586268351,0.20028798223084793,0.17782808760746524,0.25993682739059676,-0.06695265009760977,-0.08579156117250496,-0.06894232780072483,0.14157832932611222,-0.2628333160734236,-0.24539139262276394,-0.3038858096398159,0.23637228668780194,True,True,False,False,False,True,False,False,False,False,False,False,False,False,False,False,True,False,False,False,False,False,False,False,False,True,False,False,False
-0.16037232134064724,0.14555924342828216,-0.08997100586268351,0.7596202911709541,0.2361683936310536,0.017640018707474246,-0.10361171853593457,-0.08579156117250496,0.21007242699350448,0.14157832932611222,-0.2628333160734236,-0.24539139262276394,-0.3038858096398159,0.23637228668780194,True,True,False,True,False,False,False,False,False,False,False,False,False,False,False,False,True,False,False,False,False,False,False,False,False,True,False,False,False
-0.16037232134064724,0.14555924342828216,-0.08997100586268351,0.7596202911709541,0.2361683936310536,0.017640018707474246,-0.5435205397958295,-0.08579156117250496,0.21007242699350448,0.14157832932611222,-0.2628333160734236,-0.24539139262276394,-0.3038858096398159,0.23637228668780194,True,True,False,True,False,False,False,False,False,False,False,False,False,False,False,False,True,False,False,False,False,False,False,False,False,True,False,False,False
0.7163867667359367,0.08647440723094099,-0.2386805057430627,-0.1962535800774363,0.0903176285720827,0.017640018707474246,0.04302455521736396,0.4306866030649934,1.326131446170422,0.17382985025600023,-0.2628333160734236,0.25077999747209057,0.701826097038657,0.6421356361219244,True,True,False,False,False,True,False,False,False,False,False,False,False,False,False,False,False,True,False,False,False,False,False,False,False,True,False,False,False
0.7163867667359367,0.08647440723094099,-0.2386805057430627,-0.1962535800774363,-0.6972765027463603,0.16301810391734775,0.04302455521736396,0.4306866030649934,1.326131446170422,0.0932010479312802,-0.2628333160734236,0.25077999747209057,0.701826097038657,0.48901739105244424,True,True,False,False,False,True,False,False,False,False,False,False,False,False,False,False,False,True,False,False,False,False,False,False,False,True,False,False,False
0.7163867667359367,1.0269080500386196,-0.2063523535951542,-0.050159320279647375,-0.5222555846755952,1.1322053386498379,-0.10361171853593457,1.119324155381658,1.326131446170422,0.0932010479312802,-0.2628333160734236,0.25077999747209057,0.701826097038657,0.48901739105244424,True,True,False,False,False,True,False,False,False,False,False,False,False,False,False,False,False,True,False,False,False,False,False,False,False,True,False,False,False
0.7163867667359367,1.0269080500386196,-0.2063523535951542,1.4942657118684068,-0.40557497262841846,1.035286615176589,-0.3602251976042065,1.291483543460824,1.8841609557588805,0.0932010479312802,-0.2628333160734236,0.25077999747209057,0.701826097038657,0.48901739105244424,True,True,False,True,False,False,False,False,False,False,False,False,False,False,False,False,False,True,False,False,False,False,False,False,False,True,False,False,False
0.7163867667359367,1.0269080500386196,-0.2063523535951542,-0.050159320279647375,0.2361683936310536,0.9383678917033399,-0.10361171853593457,1.119324155381658,1.326131446170422,0.17382985025600023,-0.2628333160734236,0.25077999747209057,0.701826097038657,0.6421356361219244,True,True,False,False,False,True,False,False,False,False,False,False,False,False,False,False,False,True,False,False,False,False,False,False,False,True,False,False,False
0.7163867667359367,1.0269080500386196,-0.2063523535951542,1.4942657118684068,0.38201915869002456,0.8414491682300909,-0.3602251976042065,1.291483543460824,1.8841609557588805,-0.1271843450896212,-0.2628333160734236,0.25077999747209057,0.701826097038657,0.6421356361219244,True,True,False,True,False,False,False,False,False,False,False,False,False,False,False,False,False,True,False,False,False,False,False,False,False,True,False,False,False
1.5931458548125208,1.0269080500386196,-0.2063523535951542,1.4942657118684068,-0.20138390154585914,1.326042785596336,-1.0934065663706987,1.291483543460824,1.4656388235675364,0.044823766536448185,-0.2628333160734236,0.676457091706474,0.48437487397304124,-0.8277995165450851,True,True,False,True,False,False,False,False,False,False,False,False,False,False,False,False,False,False,True,False,False,False,False,False,False,False,False,False,True
1.5931458548125208,1.0269080500386196,-0.2063523535951542,1.4942657118684068,-0.40557497262841846,1.5683395942794585,-1.0934065663706987,1.291483543460824,1.4656388235675364,0.044823766536448185,-0.2628333160734236,0.676457091706474,0.48437487397304124,-1.0421650596423573,True,True,False,True,False,False,False,False,False,False,False,False,False,False,False,False,False,False,True,False,False,False,False,False,True,False,False,False,False
1.3008928254536594,1.0269080500386196,-0.2063523535951542,1.4942657118684068,0.17782808760746524,0.7445304447568418,-0.9467702926174003,1.291483543460824,1.8841609557588805,0.1093268083962242,-0.2628333160734236,0.25077999747209057,1.0551843345202825,0.6421356361219244,True,True,False,True,False,False,False,False,False,False,False,False,False,False,False,False,False,True,False,False,False,False,False,False,False,True,False,False,False
1.3008928254536594,1.0269080500386196,-0.2063523535951542,1.4942657118684068,0.03197732254849432,0.9868272534399644,-0.9467702926174003,1.291483543460824,1.8841609557588805,0.0932010479312802,-0.2628333160734236,0.25077999747209057,1.0551843345202825,0.48901739105244424,True,True,False,True,False,False,False,False,False,False,False,False,False,False,False,False,False,True,False,False,False,False,False,False,False,True,False,False,False
1.885398884171382,1.130306513383966,0.02641034186978717,1.5360069289534894,0.615380382784378,1.2775834238597115,-1.4966563191922693,2.68597458690207,-1.4640161017718714,-0.7722147636873815,-1.2599311341932375,0.8635381076438782,1.0415936330786817,-1.624014390906382,True,True,False,True,False,False,False,False,False,False,False,True,False,False,False,False,False,False,False,False,False,False,False,False,False,False,True,False,False
1.885398884171382,1.130306513383966,0.02641034186978717,2.212214645731827,0.5570400767607896,1.2775834238597115,-1.606633524507243,2.68597458690207,-1.4640161017718714,-0.7722147636873815,-1.2599311341932375,0.8635381076438782,1.0415936330786817,-1.624014390906382,True,True,False,True,False,False,False,False,False,False,False,True,False,False,False,False,False,False,False,False,False,False,False,False,False,False,True,False,False
1.7392723694919514,1.130306513383966,0.02641034186978717,1.0142417153899577,0.2653385466428478,1.4229615090695849,-1.2767019085623217,2.68597458690207,-1.4640161017718714,-0.4765758218300747,-1.2599311341932375,0.8825173411447742,1.0415936330786817,-1.585734829639012,True,True,False,True,False,False,False,False,False,False,False,True,False,False,False,False,False,False,False,False,False,False,False,False,False,False,True,False,False
1.7392723694919514,1.130306513383966,0.02641034186978717,0.5342177189115083,0.17782808760746524,1.4229615090695849,-1.0567474979323739,2.68597458690207,-1.4640161017718714,-0.4765758218300747,-1.2599311341932375,0.8825173411447742,1.0415936330786817,-1.585734829639012,True,True,False,True,False,False,False,False,False,False,False,True,False,False,False,False,False,False,False,False,False,False,False,False,False,False,True,False,False
1.1547663107742288,0.35727990646875407,-0.16755857101766397,1.2438184093579117,0.9945923719377024,0.5506929978103439,-1.0934065663706987,0.10358376571457778,0.7681019365819631,-0.1271843450896212,-0.2628333160734236,0.28331582633076957,-0.4805649283806287,-1.1723155679514154,True,True,False,True,False,False,False,False,False,True,False,False,False,False,False,False,False,False,False,False,False,False,False,False,True,False,False,False,False
0.13188070801821408,-0.3418906551997817,-0.16755857101766397,-0.404959665502849,0.32367885266643615,0.3568555508638458,-0.323566129165882,-0.5161900313704203,0.7681019365819631,-0.1271843450896212,-0.2628333160734236,0.28331582633076957,-0.4805649283806287,-1.1723155679514154,True,True,False,False,False,True,False,False,False,True,False,False,False,False,False,False,False,False,False,False,False,False,False,False,True,False,False,False,False
0.13188070801821408,0.35727990646875407,-0.16755857101766397,-0.2797360142476014,0.32367885266643615,1.1806647003864623,-0.47020240291918053,0.10358376571457778,0.7681019365819631,-0.1271843450896212,-0.2628333160734236,0.28331582633076957,-0.4805649283806287,-1.1723155679514154,True,True,False,False,False,True,False,False,False,True,False,False,False,False,False,False,False,False,False,False,False,False,False,False,True,False,False,False,False
0.42413373737707544,0.35727990646875407,-0.16755857101766397,0.4298646761988019,0.5862102297725839,0.9383678917033399,-0.6534977451108035,0.10358376571457778,0.7681019365819631,-0.1271843450896212,-0.2628333160734236,0.28331582633076957,-0.4805649283806287,-1.1723155679514154,True,True,False,True,False,False,False,False,False,True,False,False,False,False,False,False,False,False,False,False,False,False,False,False,True,False,False,False,False
1.3008928254536594,0.3523561701189759,-0.16755857101766397,1.2438184093579117,0.2653385466428478,0.3568555508638458,-1.1300656348090232,0.18966345975416082,1.326131446170422,-0.01967927532332784,-0.2628333160734236,1.034351209151943,0.1717887408162186,-0.735928569503397,True,True,False,True,False,False,False,False,False,False,True,False,False,False,False,False,False,False,False,False,False,False,False,False,False,False,True,False,False
1.3008928254536594,0.3523561701189759,-0.16755857101766397,1.2438184093579117,0.4695296177254071,0.3083961891272213,-1.0934065663706987,0.18966345975416082,1.326131446170422,0.4103410037418457,-0.2628333160734236,1.034351209151943,0.1717887408162186,-0.735928569503397,True,True,False,True,False,False,False,False,False,False,True,False,False,False,False,False,False,False,False,False,False,False,False,False,False,False,False,False,True
0.2195566168258725,0.3523561701189759,-0.16755857101766397,-0.404959665502849,-0.1138734425104766,0.8414491682300909,-0.323566129165882,0.18966345975416082,0.6285945591848485,-0.01967927532332784,-0.2628333160734236,1.034351209151943,0.1717887408162186,-0.659369446968657,True,True,False,False,False,True,False,False,False,False,True,False,False,False,False,False,False,False,False,False,False,False,False,False,False,False,True,False,False
0.2195566168258725,0.3523561701189759,-0.16755857101766397,-0.404959665502849,0.06114747556028851,0.6960710830202174,-0.28690706072755756,0.18966345975416082,0.6285945591848485,0.4103410037418457,-0.2628333160734236,1.034351209151943,0.1717887408162186,-0.659369446968657,True,True,False,False,False,True,False,False,False,False,True,False,False,False,False,False,False,False,False,False,False,False,False,False,False,False,False,False,True
0.8625132814153674,0.3523561701189759,-0.16755857101766397,0.38812345911371937,0.11948778158387688,0.6960710830202174,-0.5435205397958295,0.18966345975416082,1.326131446170422,-0.01967927532332784,-0.2628333160734236,1.034351209151943,0.1717887408162186,-0.659369446968657,True,True,False,True,False,False,False,False,False,False,True,False,False,False,False,False,False,False,False,False,False,False,False,False,False,False,True,False,False
0.8625132814153674,0.3523561701189759,-0.16755857101766397,0.38812345911371937,0.32367885266643615,0.5506929978103439,-0.506861471357505,0.18966345975416082,1.326131446170422,0.4103410037418457,-0.2628333160734236,1.034351209151943,0.1717887408162186,-0.659369446968657,True,True,False,True,False,False,False,False,False,False,True,False,False,False,False,False,False,False,False,False,False,False,False,False,False,False,False,False,True
1.885398884171382,1.361722121823552,-0.16755857101766397,2.5169255304529297,1.3154640550674384,0.9383678917033399,-1.1667247032473478,0.5856300523362429,-1.4640161017718714,0.034073259559818846,-0.2628333160734236,1.9317978218371714,0.8513238128962678,-0.4373479916179107,True,True,False,True,False,False,False,False,False,False,False,True,False,False,False,False,False,False,False,False,False,False,False,False,False,False,True,False,False
0.5702602520565061,1.361722121823552,-0.16755857101766397,0.6385707616242147,0.4111893117018187,1.229124062123087,-0.506861471357505,0.5856300523362429,-1.4640161017718714,0.034073259559818846,-0.2628333160734236,1.9317978218371714,0.8513238128962678,-0.4373479916179107,True,True,False,False,False,True,False,False,False,False,False,True,False,False,False,False,False,False,False,False,False,False,False,False,False,False,True,False,False
1.5931458548125208,1.361722121823552,-0.16755857101766397,1.0351123239324989,0.2653385466428478,1.1322053386498379,-0.8001340188641017,0.5856300523362429,1.326131446170422,0.034073259559818846,-0.2628333160734236,1.9317978218371714,0.8513238128962678,-0.4373479916179107,True,True,False,True,False,False,False,False,False,False,False,True,False,False,False,False,False,False,False,False,False,False,False,False,False,False,True,False,False
1.885398884171382,1.7162311390075984,-0.16755857101766397,2.162125185229728,1.3446342080792326,1.035286615176589,-1.1300656348090232,0.4306866030649934,2.023668333155995,0.034073259559818846,-0.2628333160734236,0.7767758973540675,1.1231378417282876,0.7186947586566644,True,True,False,True,False,False,False,False,False,False,False,False,False,False,False,False,False,False,True,False,False,False,False,False,False,True,False,False,False
0.42413373737707544,1.0219843136888407,-0.16755857101766397,0.8472768470496275,0.8779117598905257,0.7445304447568418,-0.6534977451108035,-0.17187125521208801,2.023668333155995,0.034073259559818846,-0.2628333160734236,0.7767758973540675,1.1231378417282876,0.7186947586566644,True,True,False,True,False,False,False,False,False,False,False,False,False,False,False,False,False,False,True,False,False,False,False,False,False,True,False,False,False
0.42413373737707544,1.7260786117071547,-0.16755857101766397,1.118594758102664,0.9070819129023199,1.2775834238597115,-0.8367930873024265,0.4306866030649934,2.023668333155995,0.034073259559818846,-0.2628333160734236,0.7767758973540675,1.1231378417282876,0.7186947586566644,True,True,False,True,False,False,False,False,False,False,False,False,False,False,False,False,False,False,True,False,False,False,False,False,False,True,False,False,False
-0.45262535069950854,-0.46006032759446336,-0.16755857101766397,-1.043600286904612,-0.37640481961662425,-0.03081934302915026,0.519592444915584,-0.5334059701783369,-0.4177107712935115,-0.01967927532332784,-0.2628333160734236,-0.4839874709197432,-0.5756998384718356,0.11387769063221782,True,True,False,False,True,False,False,False,False,False,False,False,False,False,False,False,True,False,False,False,False,False,False,False,False,True,False,False,False
-0.16037232134064724,-0.46006032759446336,-0.16755857101766397,-0.012592224903073079,-0.23055405455765335,-0.12773806650239927,-0.47020240291918053,-0.5334059701783369,0.21007242699350448,-0.01967927532332784,-0.2628333160734236,-0.4839874709197432,-0.5756998384718356,0.11387769063221782,True,True,False,True,False,False,False,False,False,False,False,False,False,False,False,False,True,False,False,False,False,False,False,False,False,True,False,False,False
-0.45262535069950854,-0.46006032759446336,-0.16755857101766397,-1.043600286904612,-0.4639152786520068,0.017640018707474246,0.6295696502305574,-0.5334059701783369,-0.4177107712935115,0.16845459676768557,-0.2628333160734236,-0.33757624105568773,-0.5756998384718356,-0.3148533955623266,True,True,False,False,True,False,False,False,False,False,False,False,False,False,False,False,True,False,False,False,False,False,False,False,False,True,False,False,False
-0.16037232134064724,-0.46006032759446336,-0.16755857101766397,-0.012592224903073079,-0.23055405455765335,-0.07927870476577477,-0.47020240291918053,-0.5334059701783369,0.21007242699350448,0.16845459676768557,-0.2628333160734236,-0.33757624105568773,-0.5756998384718356,-0.3148533955623266,True,True,False,True,False,False,False,False,False,False,False,False,False,False,False,False,True,False,False,False,False,False,False,False,False,True,False,False,False
-0.7448783800583699,-1.4251126521510338,-0.16755857101766397,-0.8641130534387571,-0.5222555846755952,-1.4361408333912609,0.37295617116228547,-1.2736913389187512,-0.4177107712935115,-0.503452089271648,-0.2628333160734236,-0.9991380945154937,-0.7795603600958503,0.5655765135871843,True,True,False,False,True,False,False,False,False,False,False,False,False,False,False,True,False,False,False,False,False,False,False,False,False,True,False,False,False
-0.7448783800583699,-0.6668572542851571,-0.2645430274613895,-0.780630619268592,-0.5514257376873893,-0.5154129603953953,0.1530017605323377,-0.8605088075287525,-0.4177107712935115,-0.2884419497390613,-0.2628333160734236,-0.6059968291397894,-0.16797879522380604,0.10622177837874382,True,True,False,False,True,False,False,False,False,False,False,False,False,False,False,False,True,False,False,False,False,False,False,False,False,True,False,False,False
-1.0371314094172313,-1.4349601248505908,-0.2882503390365225,-1.323266441374665,-0.9014675738289196,-1.242303386444763,1.985955182448568,-1.290907277726668,-1.4640161017718714,-0.7990910311289549,-0.2628333160734236,-1.0533644759466254,-1.5950024465919095,-0.23829427302758652,True,True,False,False,True,False,False,False,True,False,False,False,False,False,False,False,False,False,False,False,False,False,False,True,False,False,False,False,False
-0.7448783800583699,-1.4349601248505908,-0.2882503390365225,-0.2797360142476014,-0.5222555846755952,-1.2907627481813875,0.40961523960060997,-1.290907277726668,-1.4640161017718714,-0.7990910311289549,-0.2628333160734236,-1.0533644759466254,-1.5950024465919095,-0.23829427302758652,True,True,False,False,True,False,False,False,True,False,False,False,False,False,False,False,False,False,False,False,False,False,False,True,False,False,False,False,False
-0.7448783800583699,-0.6668572542851571,-0.2645430274613895,-0.780630619268592,-0.6097660437109778,-0.4184942369221463,0.04302455521736396,-1.0326681956079187,-1.4640161017718714,-0.7990910311289549,-0.2628333160734236,-1.0533644759466254,-1.5950024465919095,-0.23829427302758652,True,True,False,False,True,False,False,False,True,False,False,False,False,False,False,False,False,False,False,False,False,False,False,True,False,False,False,False,False
-1.0371314094172313,-2.168596840967575,-0.29902638975249196,-1.3441370499172063,-0.7847869617817428,-1.9691938124941306,1.5460463611886723,-1.3769869717662508,-1.4640161017718714,-0.9979754101965975,-1.2599311341932375,-1.8667601974136,-2.2745375186719587,-0.08517602795810637,True,True,False,False,True,False,False,True,False,False,False,False,False,False,False,False,False,False,False,False,False,False,False,True,False,False,False,False,False
-1.0371314094172313,-1.5186636427968236,-0.30333681003887975,-1.3441370499172063,-0.8431272678053312,-1.1938440247081383,1.9126370455719184,-1.1187478896475018,-1.4640161017718714,-0.9979754101965975,-1.2599311341932375,-1.8667601974136,-2.2745375186719587,-0.08517602795810637,True,True,False,False,True,False,False,True,False,False,False,False,False,False,False,False,False,False,False,False,False,False,False,True,False,False,False,False,False
-1.0371314094172313,-1.5186636427968236,-0.30333681003887975,-1.156301573034335,-0.6972765027463603,-1.242303386444763,0.8128649924221804,-1.1187478896475018,-1.4640161017718714,-0.9979754101965975,-1.2599311341932375,-1.8667601974136,-2.2745375186719587,-0.08517602795810637,True,True,False,False,True,False,False,True,False,False,False,False,False,False,False,False,False,False,False,False,False,False,False,True,False,False,False,False,False
1.0086397960947981,-0.6225436271371514,-0.26238781731819566,-0.4884420996730141,-0.8722974208171254,-0.27311615171227277,0.22631989740898695,-0.8605088075287525,-0.4177107712935115,-0.503452089271648,-0.2628333160734236,0.32940825054723144,-0.16797879522380604,-1.0804446209097274,True,True,False,False,False,True,False,False,False,True,False,False,False,False,False,False,False,False,False,False,False,False,False,False,False,False,True,False,False
-0.16037232134064724,0.41636474266609524,-0.21497319416792982,0.7220531957943798,-0.1138734425104766,0.5022336360737193,-1.1300656348090232,-0.4301103373308372,0.6285945591848485,-0.503452089271648,-0.2628333160734236,0.32940825054723144,-0.16797879522380604,-1.0804446209097274,True,True,False,True,False,False,False,False,False,True,False,False,False,False,False,False,False,False,False,False,False,False,False,False,False,False,True,False,False
-0.16037232134064724,0.41636474266609524,-0.21497319416792982,-0.5719245338431792,-0.5222555846755952,0.8414491682300909,-0.3602251976042065,-0.4301103373308372,-0.4177107712935115,-0.503452089271648,-0.2628333160734236,0.32940825054723144,-0.16797879522380604,-1.0804446209097274,True,True,False,False,False,True,False,False,False,True,False,False,False,False,False,False,False,False,False,False,False,False,False,False,False,False,True,False,False
-0.3064988360200779,-0.1104750467601958,-0.2580773970318078,-0.780630619268592,0.2361683936310536,-0.3215755134488973,0.88618312929883,-0.9121566239525024,0.34957980439061914,0.31358644095218163,-0.2628333160734236,0.28873846447388274,0.03588172640020874,0.5119851278128662,True,True,False,False,True,False,False,False,False,False,False,False,False,False,False,False,False,True,False,False,False,False,False,False,False,True,False,False,False
-0.3064988360200779,0.6379328784061241,-0.22790445502709322,-0.6971481850984269,0.32367885266643615,0.3083961891272213,0.9961603346138034,-0.6883494194495864,0.34957980439061914,0.31358644095218163,-0.2628333160734236,0.28873846447388274,0.03588172640020874,0.5119851278128662,True,True,False,False,True,False,False,False,False,False,False,False,False,False,False,False,False,True,False,False,False,False,False,False,False,True,False,False,False
0.8625132814153674,0.41636474266609524,-0.21497319416792982,0.8055356299645449,0.5278699237489954,0.06609938044409876,-0.873452155740751,-0.17187125521208801,0.6285945591848485,0.14157832932611222,-0.2628333160734236,0.41074782269392895,0.5115562768562432,0.14450133964611386,True,True,False,True,False,False,False,False,False,False,False,False,False,False,False,False,False,True,False,False,False,False,False,False,False,True,False,False,False
0.8625132814153674,0.41636474266609524,-0.21497319416792982,-0.4884420996730141,0.2361683936310536,0.21147746565397227,-0.06695265009760977,-0.17187125521208801,-0.4177107712935115,0.14157832932611222,-0.2628333160734236,0.41074782269392895,0.5115562768562432,0.14450133964611386,True,True,False,False,False,True,False,False,False,False,False,False,False,False,False,False,False,True,False,False,False,False,False,False,False,True,False,False,False
0.8625132814153674,0.8496535414465961,-0.16755857101766397,0.8055356299645449,0.5570400767607896,0.3568555508638458,-0.873452155740751,0.6889256851837426,0.6285945591848485,0.14157832932611222,-0.2628333160734236,0.41074782269392895,0.5115562768562432,0.14450133964611386,True,True,False,True,False,False,False,False,False,False,False,False,False,False,False,False,False,True,False,False,False,False,False,False,False,True,False,False,False
0.13188070801821408,1.7113074026578194,-0.16755857101766397,0.8472768470496275,1.2279535960320558,0.6476117212835928,-0.7268158819874525,-0.4301103373308372,0.6285945591848485,-1.3903689148435683,1.731362320166204,0.7903324927118505,0.9192773201042728,1.1014903713303648,True,True,False,True,False,False,False,False,False,False,False,False,False,False,False,False,False,False,True,False,False,False,False,False,False,True,False,False,False
-0.7448783800583699,-0.7407132995318334,-0.16755857101766397,-0.780630619268592,-0.20138390154585914,-0.3215755134488973,-0.06695265009760977,-0.2579509492516711,-1.4640161017718714,-0.584080891596368,-0.2628333160734236,-0.9666022656568148,-1.064965090369471,-0.46797164063180674,True,True,False,False,False,True,False,False,True,False,False,False,False,False,False,False,False,False,False,False,False,False,False,True,False,False,False,False,False
-0.7448783800583699,0.14555924342828216,-0.08997100586268351,-0.780630619268592,-0.17221374853406496,0.6476117212835928,0.04302455521736396,0.00028813286707809923,-1.4640161017718714,-0.584080891596368,-0.2628333160734236,-0.9666022656568148,-1.064965090369471,-0.46797164063180674,True,True,False,False,False,True,False,False,True,False,False,False,False,False,False,False,False,False,False,False,False,False,False,True,False,False,False,False,False
0.42413373737707544,0.24403397042385055,-0.08997100586268351,0.20028798223084793,-0.40557497262841846,0.6960710830202174,-0.47020240291918053,0.17244752094624421,-1.4640161017718714,-0.584080891596368,-0.2628333160734236,-0.9666022656568148,-1.064965090369471,-0.48328346513875475,True,True,False,False,False,True,False,False,True,False,False,False,False,False,False,False,False,False,False,False,False,False,False,True,False,False,False,False,False
-0.16037232134064724,0.14555924342828216,-0.08997100586268351,0.20028798223084793,-0.6097660437109778,0.5022336360737193,-0.0302935816592853,-0.08579156117250496,-0.06894232780072483,0.2490833990924056,-0.2628333160734236,-0.09355752461559534,-0.35824861540621983,-0.03158464218378832,True,True,False,False,False,True,False,False,False,False,False,False,False,False,False,False,True,False,False,False,False,False,False,False,False,True,False,False,False
-0.16037232134064724,0.14555924342828216,-0.08997100586268351,0.20028798223084793,-0.37640481961662425,0.3083961891272213,-0.506861471357505,-0.08579156117250496,0.21007242699350448,0.2490833990924056,-0.2628333160734236,-0.09355752461559534,-0.35824861540621983,-0.03158464218378832,True,True,False,True,False,False,False,False,False,False,False,False,False,False,False,False,True,False,False,False,False,False,False,False,False,True,False,False,False
0.7163867667359367,1.376493330872887,-0.08997100586268351,0.47160589328388447,0.8487416068787315,0.6476117212835928,-0.5801796082341543,0.6889256851837426,0.7499659775203382,1.6090225316360167,-0.2628333160734236,0.8852286602163308,1.2182727518194945,0.16746907640653588,True,True,False,True,False,False,False,False,False,False,False,False,False,False,False,False,False,False,False,True,False,False,False,False,False,True,False,False,False
-1.5631868622631815,-1.1838495710118913,-0.16755857101766397,-0.9893367046940047,-0.40557497262841846,-1.53305955686451,1.76600077181862,-0.7744291134891694,-0.4177107712935115,1.5122679688463527,-0.2628333160734236,-0.7469854208607316,0.45719347108983927,1.5455332820318572,True,True,False,False,True,False,False,False,False,False,False,False,False,False,False,False,False,False,False,False,True,False,False,False,False,False,False,True,False
-1.5631868622631815,-1.1838495710118913,-0.16755857101766397,-0.9893367046940047,-0.40557497262841846,-1.5815189186011345,1.76600077181862,-0.7744291134891694,-0.4177107712935115,2.9904626781328867,1.731362320166204,0.2019762541840721,0.45719347108983927,1.6297483168200715,True,True,False,False,True,False,False,False,False,False,False,False,False,False,False,False,False,False,False,False,True,False,False,False,False,False,False,True,False
-1.475510953455523,-1.4792737519985963,-0.16755857101766397,-1.5737137438851605,-0.813957114793537,-1.339222109918012,1.6926826349419708,-1.1187478896475018,-0.6967255260877409,-0.9872249032199683,-0.2628333160734236,-1.7989772206246855,-1.798862968215924,-0.18470288725326847,True,True,False,False,True,False,False,True,False,False,False,False,False,False,False,False,False,False,False,False,False,False,False,True,False,False,False,False,False
-1.1832579240966619,-1.4792737519985963,-0.16755857101766397,-1.552843135342619,-0.5514257376873893,-1.4846001951278855,2.2059095930785153,-1.1187478896475018,-0.9757402808819702,-0.1809368799727679,-0.2628333160734236,-0.7686759734331843,-1.2552349105518847,0.45073782978507415,True,True,False,False,True,False,False,False,False,False,False,False,False,False,False,True,False,False,False,False,False,False,False,False,False,True,False,False,False
-1.0371314094172313,-1.366027815953693,-0.16755857101766397,-0.9893367046940047,-0.813957114793537,-1.048465939498265,1.1061375399287774,-0.8088609911050026,-1.4640161017718714,-0.6109571590379413,-0.2628333160734236,-0.8635721409376647,-0.7251975543294464,-0.5828103244339169,True,True,False,False,True,False,False,False,True,False,False,False,False,False,False,False,False,False,False,False,False,False,False,True,False,False,False,False,False
-1.0371314094172313,-1.144459680213664,-0.29040554917971634,-0.9893367046940047,-1.1931691039468615,-0.6607910456052688,0.8128649924221804,-0.8088609911050026,-1.4640161017718714,-0.6109571590379413,-0.2628333160734236,-0.8635721409376647,-0.7251975543294464,-0.5828103244339169,True,True,False,False,True,False,False,False,True,False,False,False,False,False,False,False,False,False,False,False,False,False,False,True,False,False,False,False,False
-1.0371314094172313,-1.366027815953693,-0.16755857101766397,-0.9893367046940047,-0.9014675738289196,-1.0000065777616405,1.1061375399287774,-0.8088609911050026,-1.4640161017718714,0.08782579444296554,-0.2628333160734236,-0.21285556376408496,-0.7251975543294464,-0.5828103244339169,True,True,False,False,True,False,False,False,True,False,False,False,False,False,False,False,False,False,False,False,False,False,False,False,False,False,True,False,False
-1.0371314094172313,-1.144459680213664,-0.29040554917971634,-0.9893367046940047,-1.280679562982244,-0.5638723221320199,0.8128649924221804,-0.8088609911050026,-1.4640161017718714,0.08782579444296554,-0.2628333160734236,-0.21285556376408496,-0.7251975543294464,-0.5828103244339169,True,True,False,False,True,False,False,False,True,False,False,False,False,False,False,False,False,False,False,False,False,False,False,False,False,False,True,False,False
-1.621637468134954,-1.366027815953693,-0.16755857101766397,-1.156301573034335,1.577995432173586,-2.0661125359673793,2.352545866831814,-0.8088609911050026,-0.06894232780072483,0.5877243688562297,3.7255579564058316,0.825579640642086,0.44360276964823825,2.211597648084096,True,True,False,False,True,False,False,False,False,False,False,False,False,False,False,False,False,False,False,False,True,False,False,False,False,False,False,True,False
-1.621637468134954,-0.2975770280517756,-0.051177223285193287,-1.156301573034335,1.1404431369966734,-1.2907627481813875,2.6824774827767346,-0.791645052297086,-0.06894232780072483,0.5877243688562297,3.7255579564058316,0.825579640642086,0.44360276964823825,2.211597648084096,True,True,False,False,True,False,False,False,False,False,False,False,False,False,False,False,False,False,False,False,True,False,False,False,False,False,False,True,False
-1.621637468134954,-1.366027815953693,-0.16755857101766397,-1.156301573034335,1.6363357381971744,-2.0661125359673793,2.352545866831814,-0.8088609911050026,-0.06894232780072483,2.662572215345692,3.7255579564058316,1.7745413156868897,0.44360276964823825,2.211597648084096,True,True,False,False,True,False,False,False,False,False,False,False,False,False,False,False,False,False,False,False,True,False,False,False,False,False,False,True,False
-1.621637468134954,-0.2975770280517756,-0.051177223285193287,-1.156301573034335,1.1987834430202617,-1.2907627481813875,2.6824774827767346,-0.791645052297086,-0.06894232780072483,2.662572215345692,3.7255579564058316,1.7745413156868897,0.44360276964823825,2.211597648084096,True,True,False,False,True,False,False,False,False,False,False,False,False,False,False,False,False,False,False,False,True,False,False,False,False,False,False,True,False
-1.0371314094172313,-1.144459680213664,-0.29040554917971634,-0.9893367046940047,-1.0181481858760963,-0.9030878542883913,0.7762059239838559,-0.6883494194495864,-1.4640161017718714,-0.7722147636873815,-0.2628333160734236,-1.5197113562543576,-1.1601000004606778,-0.5139071141526508,True,True,False,False,True,False,False,False,False,False,False,False,False,False,False,True,False,False,False,False,False,False,False,False,False,True,False,False,False
-0.7448783800583699,-0.7751794539802824,-0.16755857101766397,-0.634536359470803,-0.9598078798525079,-0.1761974282390238,0.07968362365568843,-0.9465885015683356,-1.4640161017718714,-0.5572046241547947,-0.2628333160734236,-0.7551193780754014,-0.2902951081982149,-1.0038854983749874,True,True,False,False,True,False,False,False,False,False,False,False,False,False,False,False,True,False,False,False,False,False,False,True,False,False,False,False,False
0.13188070801821408,1.140153986083523,-0.16755857101766397,0.05836784414156725,-0.493085431663801,1.326042785596336,-0.5435205397958295,0.08636782690666116,0.4890871817877338,0.6791036781575791,-0.2628333160734236,0.42159309898015523,0.44360276964823825,-0.2076706240136905,True,True,False,True,False,False,False,False,False,False,False,False,False,False,False,False,False,True,False,False,False,False,False,False,False,True,False,False,False
0.13188070801821408,-0.01692405611440555,-0.16755857101766397,-0.634536359470803,-0.6389361967227719,0.21147746565397227,0.29963803428563623,-0.4301103373308372,0.2937768534317733,0.6791036781575791,-0.2628333160734236,0.42159309898015523,0.44360276964823825,-0.2076706240136905,True,True,False,False,True,False,False,False,False,False,False,False,False,False,False,False,False,True,False,False,False,False,False,False,False,True,False,False,False
0.13188070801821408,1.140153986083523,-0.16755857101766397,-0.634536359470803,-0.7847869617817428,1.4714208708062095,0.3362971027239607,0.08636782690666116,0.21007242699350448,0.6791036781575791,-0.2628333160734236,0.42159309898015523,0.44360276964823825,-0.2076706240136905,True,True,False,False,True,False,False,False,False,False,False,False,False,False,False,False,False,True,False,False,False,False,False,False,False,True,False,False,False
-1.7677639828143845,-2.4147836584564963,-0.32273370132762486,-1.552843135342619,-1.5723810931001858,-2.211490621177253,4.478771836254641,-1.6524419926929168,-1.4640161017718714,-0.9979754101965975,-1.2599311341932375,-2.653042728165009,-3.6064262599488552,-0.651713534715183,True,True,False,False,True,False,True,False,False,False,False,False,False,False,False,False,False,False,False,False,False,False,False,True,False,False,False,False,False
-1.7677639828143845,-2.4147836584564963,-0.32273370132762486,-1.6029325958447183,-1.426530328041215,-2.2599499829138776,2.499182140585112,-1.6524419926929168,-1.4640161017718714,-0.9979754101965975,-1.2599311341932375,-2.653042728165009,-3.6064262599488552,-0.651713534715183,True,True,False,False,True,False,True,False,False,False,False,False,False,False,False,False,False,False,False,False,False,False,False,True,False,False,False,False,False
-1.3293844387760925,-2.217834204465359,-0.16755857101766397,-1.4067488755448303,-1.0764884918996847,-1.9691938124941306,2.059273319325217,-1.290907277726668,-0.06894232780072483,-0.9012208474069335,-0.2628333160734236,-1.7854206252669025,-1.05137438892787,-0.23829427302758652,True,True,False,False,True,False,False,True,False,False,False,False,False,False,False,False,False,False,False,False,False,False,False,True,False,False,False,False,False
-1.3293844387760925,-1.676223205989733,-0.16755857101766397,-1.4067488755448303,-0.9889780328643021,-1.339222109918012,2.059273319325217,-1.2736913389187512,-0.06894232780072483,-0.9012208474069335,-0.2628333160734236,-1.7854206252669025,-1.05137438892787,-0.23829427302758652,True,True,False,False,True,False,False,True,False,False,False,False,False,False,False,False,False,False,False,False,False,False,False,True,False,False,False,False,False
-1.0371314094172313,0.342508697419419,-0.16755857101766397,-0.7388894021835094,1.1696132900084675,-0.03081934302915026,0.9595012661754789,-1.0326681956079187,-0.06894232780072483,-0.14331010555456522,-0.2628333160734236,0.05285370524846009,0.28051435234902644,0.7263506709101385,True,True,False,False,True,False,False,False,False,False,False,False,False,False,False,False,False,True,False,False,False,False,False,False,False,True,False,False,False
-1.475510953455523,-2.596961903398298,-0.28393991875013463,-1.156301573034335,-1.4848706340648032,-2.502246791597,0.7762059239838559,-1.463066665805834,-1.4640161017718714,-1.6591315892593017,-1.2599311341932375,-2.840123744102413,-2.777393472011195,-0.5521866754200209,True,True,False,False,True,False,False,True,False,False,False,False,False,False,False,False,False,False,False,False,False,False,False,True,False,False,False,False,False
-1.0371314094172313,-1.8091640874337507,-0.19342109273599079,-1.156301573034335,-1.1931691039468615,-1.53305955686451,0.7762059239838559,-0.9982363179920855,-1.4640161017718714,-1.6591315892593017,-1.2599311341932375,-2.840123744102413,-2.777393472011195,-0.5521866754200209,True,True,False,False,True,False,False,True,False,False,False,False,False,False,False,False,False,False,False,False,False,False,False,True,False,False,False,False,False
-1.475510953455523,-2.596961903398298,-0.28393991875013463,-1.156301573034335,-1.4848706340648032,-2.502246791597,0.7762059239838559,-1.463066665805834,-1.4640161017718714,-1.6591315892593017,-1.2599311341932375,-2.840123744102413,-2.777393472011195,-0.5521866754200209,True,True,False,False,True,False,False,True,False,False,False,False,False,False,False,False,False,False,False,False,False,True,False,False,False,False,False,False,False
-1.0371314094172313,-1.8091640874337507,-0.19342109273599079,-1.156301573034335,-1.105658644911479,-1.5815189186011345,0.7762059239838559,-0.9982363179920855,-1.4640161017718714,-1.6591315892593017,-1.2599311341932375,-2.840123744102413,-2.777393472011195,-0.5521866754200209,True,True,False,False,True,False,False,True,False,False,False,False,False,False,False,False,False,False,False,False,False,True,False,False,False,False,False,False,False
-1.475510953455523,-2.596961903398298,-0.28393991875013463,-1.156301573034335,-1.4848706340648032,-2.502246791597,0.7762059239838559,-1.463066665805834,-1.4640161017718714,-1.6591315892593017,-1.2599311341932375,-2.840123744102413,-2.777393472011195,-0.5521866754200209,True,True,False,False,True,False,False,True,False,False,False,False,False,False,False,False,False,False,False,False,False,False,False,True,False,False,False,False,False
-1.0371314094172313,-1.8091640874337507,-0.19342109273599079,-1.156301573034335,-1.309849715994038,-1.53305955686451,0.7762059239838559,-0.9982363179920855,-1.4640161017718714,-1.6591315892593017,-1.2599311341932375,-2.840123744102413,-2.777393472011195,-0.5521866754200209,True,True,False,False,True,False,False,True,False,False,False,False,False,False,False,False,False,False,False,False,False,False,False,True,False,False,False,False,False
-1.0371314094172313,-1.144459680213664,-0.29040554917971634,-0.9893367046940047,-1.134828797923273,-0.8061691308151424,0.7762059239838559,-0.791645052297086,-1.4640161017718714,-0.7184622288042347,-0.2628333160734236,-1.3760114454618586,-1.4455047307342985,-0.5981221489408649,True,True,False,False,True,False,False,False,False,False,False,False,False,False,False,True,False,False,False,False,False,False,False,False,False,True,False,False,False
-1.5631868622631815,-1.4891212246981533,-0.16755857101766397,-1.565365500468144,-0.7847869617817428,-1.2907627481813875,1.509387292750348,-1.1187478896475018,-0.6967255260877409,-0.7130869753159201,-0.2628333160734236,-1.8423583257695908,-1.6901373566831164,-0.23829427302758652,True,True,False,False,True,False,False,True,False,False,False,False,False,False,False,False,False,False,False,False,False,False,False,True,False,False,False,False,False
-0.16037232134064724,0.24403397042385055,-0.08997100586268351,0.7596202911709541,-0.4347451256402126,0.5991523595469683,-0.5801796082341543,0.17244752094624421,0.21007242699350448,0.421091510718475,-0.2628333160734236,-0.09626884368715193,-0.20875089954860898,0.1904368131669579,True,True,False,True,False,False,False,False,False,True,False,False,False,False,False,False,False,False,False,False,False,False,False,False,True,False,False,False,False
-0.16037232134064724,0.14555924342828216,-0.08997100586268351,0.20028798223084793,-0.813957114793537,0.5991523595469683,-0.1769298554125835,-0.08579156117250496,-0.06894232780072483,0.421091510718475,-0.2628333160734236,-0.09626884368715193,-0.20875089954860898,0.1904368131669579,True,True,False,False,False,True,False,False,False,True,False,False,False,False,False,False,False,False,False,False,False,False,False,False,True,False,False,False,False
-0.7448783800583699,-1.085374844016323,-0.19342109273599079,-0.780630619268592,0.0028071695367001396,-0.7092504073418934,0.7762059239838559,-0.6883494194495864,-0.06894232780072483,0.421091510718475,-0.2628333160734236,-0.09626884368715193,-0.20875089954860898,0.1904368131669579,True,True,False,False,False,True,False,False,False,True,False,False,False,False,False,False,False,False,False,False,False,False,False,False,True,False,False,False,False
-0.16037232134064724,0.24403397042385055,-0.08997100586268351,0.7596202911709541,-0.2888943605812417,0.45377427433709483,-0.5801796082341543,0.17244752094624421,0.21007242699350448,0.22758238513914691,-0.2628333160734236,-0.5707496812095538,-0.22234160099020997,0.28996367246212,True,True,False,True,False,False,False,False,False,False,False,False,False,False,False,False,True,False,False,False,False,False,False,False,False,True,False,False,False
-0.16037232134064724,0.14555924342828216,-0.08997100586268351,0.20028798223084793,-0.6972765027463603,0.4053149126004703,-0.1769298554125835,-0.08579156117250496,-0.06894232780072483,0.22758238513914691,-0.2628333160734236,-0.5707496812095538,-0.22234160099020997,0.22106046218085393,True,True,False,False,False,True,False,False,False,False,False,False,False,False,False,False,True,False,False,False,False,False,False,False,False,True,False,False,False
-0.7448783800583699,-1.085374844016323,-0.19342109273599079,-0.780630619268592,-0.7556168087699486,-0.8546284925517669,0.6662287186688819,-0.6883494194495864,-0.06894232780072483,0.22758238513914691,-0.2628333160734236,-0.5707496812095538,-0.22234160099020997,0.22106046218085393,True,True,False,False,False,True,False,False,False,False,False,False,False,False,False,False,True,False,False,False,False,False,False,False,False,True,False,False,False
-0.16037232134064724,0.6871702419039083,-0.16755857101766397,0.7429238043369211,-0.08470328949868242,0.4053149126004703,-0.7634749504257773,-0.34403064329125416,0.6285945591848485,0.13620307583779756,-0.2628333160734236,0.09352349132180882,-0.08643458657420013,0.1751249886600099,True,True,False,True,False,False,False,False,False,False,False,False,False,False,False,False,False,True,False,False,False,False,False,False,False,True,False,False,False
-0.16037232134064724,0.834882332397261,0.004858240437848154,0.7429238043369211,0.06114747556028851,0.5022336360737193,-0.8367930873024265,-0.17187125521208801,0.6285945591848485,0.13620307583779756,-0.2628333160734236,0.09352349132180882,-0.08643458657420013,0.1751249886600099,True,True,False,True,False,False,False,False,False,False,False,False,False,False,False,False,False,True,False,False,False,False,False,False,False,True,False,False,False
-0.16037232134064724,0.6871702419039083,-0.16755857101766397,0.11680554806068283,-0.4639152786520068,0.7929898064934664,-0.28690706072755756,-0.34403064329125416,0.6285945591848485,0.13620307583779756,-0.2628333160734236,0.09352349132180882,-0.08643458657420013,0.1751249886600099,True,True,False,False,False,True,False,False,False,False,False,False,False,False,False,False,False,True,False,False,False,False,False,False,False,True,False,False,False
-0.16037232134064724,0.834882332397261,0.004858240437848154,0.11680554806068283,-0.3180645135930359,0.8414491682300909,-0.3602251976042065,-0.17187125521208801,0.6285945591848485,0.13620307583779756,-0.2628333160734236,0.09352349132180882,-0.08643458657420013,0.1751249886600099,True,True,False,False,False,True,False,False,False,False,False,False,False,False,False,False,False,True,False,False,False,False,False,False,False,True,False,False,False
0.42413373737707544,0.834882332397261,0.004858240437848154,1.890807274176691,0.4111893117018187,0.3083961891272213,-1.1300656348090232,-0.17187125521208801,-0.4177107712935115,0.13620307583779756,-0.2628333160734236,0.17486306346850627,-0.08643458657420013,0.0909099538717958,True,True,False,True,False,False,False,False,False,False,False,False,False,False,False,False,False,True,False,False,False,False,False,False,False,True,False,False,False
0.42413373737707544,0.834882332397261,0.004858240437848154,1.890807274176691,0.4111893117018187,0.4053149126004703,-1.1300656348090232,-0.17187125521208801,-0.4177107712935115,0.13620307583779756,-0.2628333160734236,0.17486306346850627,-0.08643458657420013,0.0909099538717958,True,True,False,True,False,False,False,False,False,False,False,False,False,False,False,False,False,True,False,False,False,False,False,False,False,True,False,False,False
0.42413373737707544,0.834882332397261,0.004858240437848154,1.890807274176691,0.4403594647136129,0.21147746565397227,-1.0934065663706987,-0.17187125521208801,-0.4177107712935115,0.13620307583779756,-0.2628333160734236,0.17486306346850627,-0.08643458657420013,0.24402819894127598,True,True,False,True,False,False,False,False,False,False,False,False,False,False,False,False,False,True,False,False,False,False,False,False,False,True,False,False,False
0.42413373737707544,0.834882332397261,0.004858240437848154,1.890807274176691,0.4403594647136129,0.16301810391734775,-1.0934065663706987,-0.17187125521208801,-0.4177107712935115,0.13620307583779756,-0.2628333160734236,0.17486306346850627,-0.08643458657420013,0.24402819894127598,True,True,False,True,False,False,False,False,False,False,False,False,False,False,False,False,False,True,False,False,False,False,False,False,False,True,False,False,False
-0.16037232134064724,-0.07108515596196859,-0.16755857101766397,0.11680554806068283,-0.25972420756944753,-0.07927870476577477,-0.2502479922892328,-0.4301103373308372,-0.4177107712935115,0.13620307583779756,-0.2628333160734236,0.09352349132180882,-0.08643458657420013,0.1751249886600099,True,True,False,False,False,True,False,False,False,False,False,False,False,False,False,False,False,True,False,False,False,False,False,False,False,True,False,False,False
-0.16037232134064724,-0.07108515596196859,-0.16755857101766397,0.11680554806068283,-0.25972420756944753,-0.12773806650239927,-0.2502479922892328,-0.4301103373308372,-0.4177107712935115,0.13620307583779756,-0.2628333160734236,0.09352349132180882,-0.08643458657420013,0.1751249886600099,True,True,False,False,False,True,False,False,False,False,False,False,False,False,False,False,False,True,False,False,False,False,False,False,False,True,False,False,False
-0.7448783800583699,-1.4989686973977099,-0.16755857101766397,-0.8641130534387571,-1.0764884918996847,-1.1453846629715139,0.40961523960060997,-0.6883494194495864,-0.4177107712935115,0.15770408979105624,-0.2628333160734236,-1.2594247253849256,-1.119327896135875,-0.35313295682969664,True,True,False,False,True,False,False,False,False,False,False,False,False,False,False,True,False,False,False,False,False,False,False,False,False,True,False,False,False
-1.1832579240966619,-1.4989686973977099,-0.16755857101766397,-0.8641130534387571,0.03197732254849432,-1.8722750890208815,1.509387292750348,-0.7744291134891694,-0.4177107712935115,-0.1271843450896212,-0.2628333160734236,-0.925932479583466,-0.15438809378220505,1.6527160535804934,True,True,False,False,True,False,False,False,False,False,False,False,False,False,False,False,False,False,False,False,True,False,False,False,False,False,False,True,False
-1.621637468134954,-0.49452648204291244,-0.16755857101766397,-0.3423478398752252,6.041028842978096,-1.53305955686451,0.7762059239838559,-0.9465885015683356,1.326131446170422,0.9586168595499419,2.728460138286018,1.007238018436377,1.517268183534716,2.7398555935738025,True,True,False,False,False,True,False,False,False,False,False,False,False,False,False,False,False,False,False,False,True,False,False,False,False,False,False,True,False
-1.621637468134954,-0.49452648204291244,-0.16755857101766397,-0.3423478398752252,6.041028842978096,-1.53305955686451,0.40961523960060997,-0.9465885015683356,1.326131446170422,0.9586168595499419,2.728460138286018,1.007238018436377,1.517268183534716,2.7398555935738025,True,True,False,False,False,True,False,False,False,False,False,False,False,False,False,False,False,False,False,False,True,False,False,False,False,False,False,True,False
-1.0371314094172313,-0.49452648204291244,-0.16755857101766397,-0.3423478398752252,6.041028842978096,-1.53305955686451,0.7762059239838559,-0.9465885015683356,1.326131446170422,0.9586168595499419,2.728460138286018,3.3335497818319246,1.517268183534716,2.7398555935738025,True,True,False,False,False,True,False,False,False,False,False,False,False,False,False,False,False,False,False,False,True,False,False,False,False,False,False,True,False
-1.0371314094172313,-0.49452648204291244,-0.16755857101766397,-0.3423478398752252,6.041028842978096,-1.53305955686451,0.40961523960060997,-0.9465885015683356,1.326131446170422,0.9586168595499419,2.728460138286018,3.3335497818319246,1.517268183534716,2.7398555935738025,True,True,False,False,False,True,False,False,False,False,False,False,False,False,False,False,False,False,False,False,True,False,False,False,False,False,False,True,False
-0.7448783800583699,-1.4103414431016985,-0.16755857101766397,-1.0310779217790873,-0.493085431663801,-1.2907627481813875,0.519592444915584,-1.3769869717662508,-1.4640161017718714,-1.4279956892617711,-0.2628333160734236,-1.2024870248822375,-0.8475138673038553,0.014350831337055728,True,True,False,False,True,False,False,False,True,False,False,False,False,False,False,False,False,False,False,False,False,False,False,True,False,False,False,False,False
-0.7448783800583699,-0.7259420904824982,-0.16755857101766397,-1.0310779217790873,-0.6389361967227719,-0.5154129603953953,0.48293337647725887,-1.1876116448791683,-1.4640161017718714,-1.4279956892617711,-0.2628333160734236,-1.2024870248822375,-0.8475138673038553,0.014350831337055728,True,True,False,False,True,False,False,False,True,False,False,False,False,False,False,False,False,False,False,False,False,False,False,True,False,False,False,False,False
-0.7448783800583699,-0.7259420904824982,-0.16755857101766397,-1.0310779217790873,-0.4347451256402126,-0.6607910456052688,0.48293337647725887,-1.1876116448791683,-1.4640161017718714,-1.4279956892617711,-0.2628333160734236,-1.1509719625226624,-0.5349277341470327,0.014350831337055728,True,True,False,False,True,False,False,False,True,False,False,False,False,False,False,False,False,False,False,False,False,False,False,True,False,False,False,False,False
-0.16037232134064724,0.4656021061638794,-0.16755857101766397,0.7637944128794624,-0.05553313648688823,0.3568555508638458,-0.873452155740751,-0.7744291134891694,-1.4640161017718714,-0.8635940729887308,-0.2628333160734236,0.5219119046277488,-0.3446579139646188,-0.7742081307707671,True,True,False,True,False,False,False,False,False,True,False,False,False,False,False,False,False,False,False,False,False,False,False,False,False,False,True,False,False
-0.45262535069950854,-0.4797552729935773,-0.16755857101766397,-0.6554069680133443,-0.493085431663801,-0.4184942369221463,0.48293337647725887,-0.8605088075287525,-1.4640161017718714,-0.8635940729887308,-0.2628333160734236,0.5219119046277488,-0.3446579139646188,-0.7742081307707671,True,True,False,False,True,False,False,False,False,True,False,False,False,False,False,False,False,False,False,False,False,False,False,False,False,False,True,False,False
-0.45262535069950854,-0.4797552729935773,-0.16755857101766397,-0.6554069680133443,-0.493085431663801,-0.4184942369221463,0.48293337647725887,-0.8605088075287525,-1.4640161017718714,-0.8635940729887308,-0.2628333160734236,0.5219119046277488,-0.3446579139646188,-0.7742081307707671,True,True,False,False,True,False,False,False,False,True,False,False,False,False,False,False,False,False,False,False,False,False,False,False,False,False,True,False,False
1.1547663107742288,0.41636474266609524,-0.16755857101766397,0.8472768470496275,-0.1138734425104766,0.45377427433709483,-0.7268158819874525,0.6028459911441595,-0.06894232780072483,-0.7507137497341227,-0.2628333160734236,0.8852286602163308,0.5115562768562432,-1.0038854983749874,True,True,False,True,False,False,False,False,False,False,False,True,False,False,False,False,False,False,False,False,False,False,False,False,False,False,True,False,False
-0.014245806661216569,-0.0021528470650704315,0.013479081010623761,-0.6136657509282618,-0.5805958906991835,-0.03081934302915026,0.3362971027239607,1.291483543460824,0.7681019365819631,-0.33144397764557865,-0.2628333160734236,-0.44331768484639444,0.03588172640020874,-0.16173515049284645,True,True,False,False,False,True,False,False,False,False,False,False,False,False,False,False,True,False,False,False,False,False,False,False,False,True,False,False,False
0.42413373737707544,-0.0021528470650704315,0.013479081010623761,0.4507352847413432,-0.17221374853406496,-0.1761974282390238,-0.506861471357505,1.291483543460824,0.7681019365819631,-0.33144397764557865,-0.2628333160734236,-0.44331768484639444,0.03588172640020874,-0.16173515049284645,True,True,False,True,False,False,False,False,False,False,False,False,False,False,False,False,True,False,False,False,False,False,False,False,False,True,False,False,False
1.44701934013309,-0.0021528470650704315,0.013479081010623761,0.8472768470496275,-0.1138734425104766,-0.3215755134488973,-1.0567474979323739,1.291483543460824,0.7681019365819631,-0.33144397764557865,-0.2628333160734236,-0.44331768484639444,0.03588172640020874,-0.16173515049284645,True,True,False,True,False,False,False,False,False,False,False,False,False,False,False,False,True,False,False,False,False,False,False,False,False,True,False,False,False
1.44701934013309,-0.0021528470650704315,0.013479081010623761,0.8472768470496275,0.0028071695367001396,-0.4184942369221463,-0.9834293610557248,1.119324155381658,1.0471166913761925,0.050199020024762855,-0.2628333160734236,0.09894612946492198,0.3076957552322284,0.22106046218085393,True,True,False,True,False,False,False,False,False,False,False,False,False,False,False,False,False,True,False,False,False,False,False,False,False,True,False,False,False
-0.7448783800583699,-0.5979249453882594,-0.16755857101766397,-0.780630619268592,-0.37640481961662425,-0.5638723221320199,0.2629789658473114,-1.1187478896475018,-1.4640161017718714,-0.7130869753159201,-0.2628333160734236,-0.790366526005637,-1.3231884177598896,-0.13111150147895043,True,True,False,False,True,False,False,False,False,False,False,False,False,False,False,True,False,False,False,False,False,False,False,False,False,True,False,False,False
0.42413373737707544,1.868866965850729,-0.16755857101766397,1.0559829324750403,1.577995432173586,0.5991523595469683,-0.7268158819874525,-0.2579509492516711,0.6285945591848485,-0.2991924567156906,-0.2628333160734236,1.4383377508138735,1.6667658993923269,0.9943075997817288,True,True,False,True,False,False,False,False,False,False,False,False,False,False,False,False,False,False,False,True,False,False,False,False,False,True,False,False,False
0.42413373737707544,0.12094056167939006,-0.16755857101766397,0.4298646761988019,0.8779117598905257,-0.7092504073418934,-0.14027078697425904,-0.22351907163583787,0.6285945591848485,-0.2991924567156906,-0.2628333160734236,1.4383377508138735,1.6667658993923269,0.9943075997817288,True,True,False,True,False,False,False,False,False,False,False,False,False,False,False,False,False,False,False,True,False,False,False,False,False,True,False,False,False
0.42413373737707544,0.7856449688994768,-0.16755857101766397,1.0559829324750403,0.9070819129023199,-0.22465678997564828,-0.7268158819874525,-0.22351907163583787,0.6285945591848485,-0.2991924567156906,-0.2628333160734236,1.4383377508138735,1.6667658993923269,0.9943075997817288,True,True,False,True,False,False,False,False,False,False,False,False,False,False,False,False,False,False,False,True,False,False,False,False,False,True,False,False,False
-1.0371314094172313,-1.380799025003028,-0.16755857101766397,-1.4610124577554375,-1.134828797923273,-0.9030878542883913,1.3627510189970493,-0.9465885015683356,-0.06894232780072483,-1.1484825078694083,-1.2599311341932375,-2.3141278442204363,-3.769514677248067,-0.20001471176021648,True,True,False,False,True,False,False,False,False,False,False,False,False,False,True,False,False,False,False,False,False,False,False,False,False,True,False,False,False
-1.3293844387760925,-1.7254605694875174,-0.16755857101766397,-1.4610124577554375,-1.280679562982244,-1.339222109918012,1.76600077181862,-1.1187478896475018,-0.06894232780072483,-1.1484825078694083,-1.2599311341932375,-2.3141278442204363,-3.769514677248067,-0.20001471176021648,True,True,False,False,True,False,False,False,False,False,False,False,False,False,True,False,False,False,False,False,False,False,False,False,False,True,False,False,False
-0.014245806661216569,-0.6914759360340492,-0.08997100586268351,-0.6136657509282618,-0.7847869617817428,-0.46695359865877084,0.592910581792233,0.4306866030649934,-0.4177107712935115,0.14157832932611222,-0.2628333160734236,-0.06373301482847295,0.03588172640020874,0.029662655844003745,True,True,False,False,False,True,False,False,False,False,False,False,False,False,False,False,True,False,False,False,False,False,False,False,False,True,False,False,False
-0.014245806661216569,0.29327133392163474,0.013479081010623761,0.4507352847413432,-0.026362983475094044,0.5022336360737193,-0.5801796082341543,1.3775632375004072,0.7681019365819631,0.14157832932611222,-0.2628333160734236,-0.06373301482847295,0.03588172640020874,0.029662655844003745,True,True,False,True,False,False,False,False,False,False,False,False,False,False,False,False,True,False,False,False,False,False,False,False,False,True,False,False,False
-0.014245806661216569,0.29327133392163474,0.013479081010623761,-0.6136657509282618,-0.23055405455765335,0.5506929978103439,0.22631989740898695,1.3775632375004072,0.7681019365819631,0.14157832932611222,-0.2628333160734236,-0.06373301482847295,0.03588172640020874,0.029662655844003745,True,True,False,False,False,True,False,False,False,False,False,False,False,False,False,False,True,False,False,False,False,False,False,False,False,True,False,False,False
2.1776519135302435,0.29327133392163474,0.013479081010623761,1.0142417153899577,0.4695296177254071,-0.03081934302915026,-1.2767019085623217,1.3775632375004072,-1.4640161017718714,-0.07343181020647453,-0.2628333160734236,0.09894612946492198,0.715416798480258,-0.12345558922547642,True,True,False,True,False,False,False,False,False,False,False,False,False,False,False,False,True,False,False,False,False,False,False,False,False,True,False,False,False
-0.014245806661216569,-0.0021528470650704315,0.013479081010623761,-0.6136657509282618,-0.7847869617817428,0.9868272534399644,0.1896608289706625,1.291483543460824,0.6285945591848485,-0.49807683578333334,-0.2628333160734236,0.4785307994828435,-0.10002528801580111,-0.8124876920381371,True,True,False,False,False,True,False,False,False,True,False,False,False,False,False,False,False,False,False,False,False,False,False,False,False,False,True,False,False
-0.014245806661216569,-0.0021528470650704315,0.013479081010623761,0.4507352847413432,-0.5805958906991835,0.45377427433709483,-0.6534977451108035,1.291483543460824,0.6285945591848485,-0.49807683578333334,-0.2628333160734236,0.4785307994828435,-0.10002528801580111,-0.8124876920381371,True,True,False,True,False,False,False,False,False,True,False,False,False,False,False,False,False,False,False,False,False,False,False,False,False,False,True,False,False
-0.014245806661216569,-1.1838495710118913,-0.11583352758101033,-0.6136657509282618,-1.3390198690058324,-0.5638723221320199,0.702887787107207,-0.08579156117250496,-0.4177107712935115,-0.49807683578333334,-0.2628333160734236,0.4785307994828435,-0.10002528801580111,-0.8124876920381371,True,True,False,False,False,True,False,False,False,True,False,False,False,False,False,False,False,False,False,False,False,False,False,False,False,False,True,False,False
0.42413373737707544,1.573442784864024,-0.16755857101766397,0.4507352847413432,0.4111893117018187,0.9383678917033399,-0.06695265009760977,1.205403849421241,2.023668333155995,-0.8367178055471575,1.731362320166204,1.034351209151943,1.2590448561442973,1.446006422736695,True,True,False,True,False,False,False,False,False,False,False,False,False,False,False,False,False,False,False,True,False,False,False,False,False,True,False,False,False
-0.014245806661216569,1.573442784864024,-0.16755857101766397,-0.6136657509282618,0.2361683936310536,1.035286615176589,0.9228421977371545,1.205403849421241,0.7681019365819631,-0.8367178055471575,1.731362320166204,1.034351209151943,1.2590448561442973,1.446006422736695,True,True,False,False,False,True,False,False,False,False,False,False,False,False,False,False,False,False,False,True,False,False,False,False,False,True,False,False,False
0.42413373737707544,1.573442784864024,-0.16755857101766397,0.8472768470496275,0.4111893117018187,0.8414491682300909,-0.6168386766724787,1.205403849421241,2.023668333155995,-0.8367178055471575,1.731362320166204,1.034351209151943,1.2590448561442973,1.446006422736695,True,True,False,True,False,False,False,False,False,False,False,False,False,False,False,False,False,False,False,True,False,False,False,False,False,True,False,False,False
-0.7448783800583699,-1.262629352608346,-0.16755857101766397,-1.010207313236546,-1.0181481858760963,-0.9515472160250159,0.702887787107207,-1.290907277726668,-1.0454939695805274,-0.14868535904287988,-0.2628333160734236,-0.8771287362954476,-0.8475138673038553,-0.20001471176021648,True,True,False,False,True,False,False,False,False,False,False,False,False,False,False,True,False,False,False,False,False,False,False,False,False,True,False,False,False
-0.45262535069950854,-0.4255941731460143,-0.16755857101766397,-1.010207313236546,-0.5514257376873893,-0.03081934302915026,0.3362971027239607,-0.6711334806416698,-0.4177107712935115,-0.14868535904287988,-0.2628333160734236,-0.8771287362954476,-0.8475138673038553,-0.20001471176021648,True,True,False,False,True,False,False,False,False,False,False,False,False,False,False,True,False,False,False,False,False,False,False,False,False,True,False,False,False
0.42413373737707544,0.5246869423612206,0.0652041244472774,0.8305803602155944,1.3154640550674384,-0.12773806650239927,-0.7634749504257773,-0.6883494194495864,-0.4177107712935115,0.06094952700139219,-0.2628333160734236,0.009472600103554774,1.680356600833928,-0.26891792204148257,True,True,False,True,False,False,False,False,False,False,False,False,False,False,False,False,False,True,False,False,False,False,False,False,False,True,False,False,False
-1.0371314094172313,-1.144459680213664,-0.29040554917971634,-0.9893367046940047,-0.9014675738289196,-0.8061691308151424,0.7762059239838559,-0.6883494194495864,-1.4640161017718714,-0.7453384962458081,-0.2628333160734236,-1.6118962046872813,-1.5134582379423034,-0.5598425876734948,True,True,False,False,True,False,False,False,False,False,False,False,False,False,False,True,False,False,False,False,False,False,False,False,False,True,False,False,False
-0.16037232134064724,-0.0021528470650704315,-0.16755857101766397,-0.634536359470803,-0.4347451256402126,-0.22465678997564828,0.592910581792233,-0.6022697254100033,-0.06894232780072483,0.3028359339755523,-0.2628333160734236,-0.3429988791988009,0.5523283811810461,0.5655765135871843,True,True,False,False,True,False,False,False,False,False,False,False,False,False,False,False,True,False,False,False,False,False,False,False,False,True,False,False,False
-0.3064988360200779,-0.10062757406063882,-0.16755857101766397,-0.6595810897218526,-0.20138390154585914,-0.22465678997564828,0.4462743080389344,-0.6883494194495864,0.6285945591848485,1.8562841920984916,-0.2628333160734236,0.09894612946492198,0.03588172640020874,0.9483721262608846,True,True,False,False,True,False,False,False,False,False,False,False,False,False,False,False,True,False,False,False,False,False,False,False,False,True,False,False,False
-0.45262535069950854,0.19479660692606637,-0.16755857101766397,-0.8933319053983149,-0.6972765027463603,0.5991523595469683,0.29963803428563623,-0.34403064329125416,-0.06894232780072483,-0.1809368799727679,-0.2628333160734236,-1.0262512852310597,-0.5077463312638306,-0.3148533955623266,True,True,False,False,True,False,False,False,False,False,False,False,False,False,False,True,False,False,False,False,False,False,False,False,False,True,False,False,False
-0.45262535069950854,-0.9376627535229702,-0.16755857101766397,-0.8933319053983149,-0.8722974208171254,-0.6607910456052688,0.22631989740898695,-0.7744291134891694,-1.0454939695805274,-0.1809368799727679,-0.2628333160734236,-1.0262512852310597,-0.5077463312638306,-0.3148533955623266,True,True,False,False,True,False,False,False,False,False,False,False,False,False,False,True,False,False,False,False,False,False,False,False,False,True,False,False,False
-0.45262535069950854,0.19479660692606637,-0.16755857101766397,-0.8933319053983149,-0.9014675738289196,0.7929898064934664,0.29963803428563623,-0.34403064329125416,-0.06894232780072483,-0.31531821718063463,-0.2628333160734236,-0.6737798059287039,-0.3718393168478208,-0.8890468145728772,True,True,False,False,True,False,False,False,True,False,False,False,False,False,False,False,False,False,False,False,False,False,False,True,False,False,False,False,False
-0.45262535069950854,-0.9376627535229702,-0.16755857101766397,-0.8933319053983149,-0.8431272678053312,-0.5154129603953953,0.1896608289706625,-0.7744291134891694,-0.06894232780072483,-0.31531821718063463,-0.2628333160734236,-0.6737798059287039,-0.3718393168478208,-0.8890468145728772,True,True,False,False,True,False,False,False,True,False,False,False,False,False,False,False,False,False,False,False,False,False,False,True,False,False,False,False,False
-0.45262535069950854,0.19479660692606637,-0.16755857101766397,-0.8933319053983149,-1.134828797923273,0.9868272534399644,0.29963803428563623,-0.34403064329125416,-0.06894232780072483,-0.01967927532332784,-0.2628333160734236,0.1396159155382707,-0.3718393168478208,-0.9273263758402472,True,True,False,False,True,False,False,False,True,False,False,False,False,False,False,False,False,False,False,False,False,False,False,False,False,False,True,False,False
-0.45262535069950854,-0.9376627535229702,-0.16755857101766397,-0.8933319053983149,-1.0181481858760963,-0.3700348751855218,0.1896608289706625,-0.7744291134891694,-0.06894232780072483,-0.01967927532332784,-0.2628333160734236,0.1396159155382707,-0.3718393168478208,-0.9273263758402472,True,True,False,False,True,False,False,False,True,False,False,False,False,False,False,False,False,False,False,False,False,False,False,False,False,False,True,False,False
2.1776519135302435,0.29327133392163474,0.013479081010623761,1.1394653666452053,0.4403594647136129,-0.07927870476577477,-1.240042840123997,1.3775632375004072,1.0471166913761925,-0.07343181020647453,-0.2628333160734236,0.04471974803379034,0.03588172640020874,-0.4296920793644367,True,True,False,True,False,False,False,False,False,False,False,False,False,False,False,False,True,False,False,False,False,False,False,False,False,True,False,False,False
-0.014245806661216569,0.29327133392163474,0.013479081010623761,-0.6136657509282618,-0.5805958906991835,0.5991523595469683,0.1530017605323377,1.3775632375004072,1.0471166913761925,-0.01967927532332784,-0.2628333160734236,0.04471974803379034,-0.10002528801580111,-0.20001471176021648,True,True,False,False,False,True,False,False,False,False,False,False,False,False,False,False,True,False,False,False,False,False,False,False,False,True,False,False,False
-0.014245806661216569,0.29327133392163474,0.013479081010623761,0.4507352847413432,-0.25972420756944753,0.45377427433709483,-0.6168386766724787,1.3775632375004072,1.0471166913761925,-0.01967927532332784,-0.2628333160734236,0.04471974803379034,-0.10002528801580111,-0.20001471176021648,True,True,False,True,False,False,False,False,False,False,False,False,False,False,False,False,True,False,False,False,False,False,False,False,False,True,False,False,False
-0.014245806661216569,-0.6914759360340492,-0.08997100586268351,-0.6136657509282618,-0.6681063497345661,-0.46695359865877084,0.6662287186688819,0.4306866030649934,-0.4177107712935115,-0.01967927532332784,-0.2628333160734236,0.04471974803379034,-0.10002528801580111,-0.20001471176021648,True,True,False,False,False,True,False,False,False,False,False,False,False,False,False,False,True,False,False,False,False,False,False,False,False,True,False,False,False
0.13188070801821408,-0.05139021056285463,-0.02531470156686647,-0.6136657509282618,0.06114747556028851,-0.3700348751855218,0.592910581792233,0.6028459911441595,-0.2084497051978395,-0.8635940729887308,1.731362320166204,0.8987852555741137,1.2590448561442973,1.178049493865105,True,True,False,False,False,True,False,False,False,False,False,False,False,False,False,False,False,False,False,True,False,False,False,False,False,True,False,False,False
0.42413373737707544,1.081069149886182,0.09106664616560421,0.4298646761988019,0.7320609948315547,0.4053149126004703,-0.323566129165882,1.1881879106133244,2.023668333155995,-0.8635940729887308,1.731362320166204,0.8987852555741137,1.2590448561442973,1.178049493865105,True,True,False,True,False,False,False,False,False,False,False,False,False,False,False,False,False,False,False,True,False,False,False,False,False,True,False,False,False
1.0086397960947981,1.081069149886182,0.09106664616560421,1.0142417153899577,0.7904013008551432,0.25993682739059676,-0.8367930873024265,1.1881879106133244,2.023668333155995,-0.8635940729887308,1.731362320166204,0.9123418509318966,1.2590448561442973,1.178049493865105,True,True,False,True,False,False,False,False,False,False,False,False,False,False,False,False,False,False,False,True,False,False,False,False,False,True,False,False,False
0.42413373737707544,1.081069149886182,0.09106664616560421,0.8472768470496275,0.7904013008551432,0.3083961891272213,-0.5801796082341543,1.1881879106133244,2.023668333155995,-0.8635940729887308,1.731362320166204,0.9123418509318966,1.2590448561442973,1.3694473002019552,True,True,False,True,False,False,False,False,False,False,False,False,False,False,False,False,False,False,False,True,False,False,False,False,False,True,False,False,False
-0.014245806661216569,1.081069149886182,0.09106664616560421,-0.6136657509282618,0.2361683936310536,0.5506929978103439,0.9228421977371545,1.1881879106133244,-0.2084497051978395,-0.8635940729887308,1.731362320166204,0.8987852555741137,1.2590448561442973,1.178049493865105,True,True,False,False,False,True,False,False,False,False,False,False,False,False,False,False,False,False,False,True,False,False,False,False,False,True,False,False,False
-0.5403012595071669,-0.4551365912446852,-0.29687117960929804,-1.010207313236546,-0.6681063497345661,-0.07927870476577477,0.3362971027239607,-0.9465885015683356,-0.4177107712935115,-0.10030807764804787,-0.2628333160734236,-0.7008929966442697,-0.8475138673038553,-0.23829427302758652,True,True,False,False,True,False,False,False,False,False,False,False,False,False,False,False,True,False,False,False,False,False,False,False,False,True,False,False,False
-1.0371314094172313,-1.2774005616576811,-0.29687117960929804,-0.9893367046940047,-1.1931691039468615,-0.8061691308151424,0.48293337647725887,-0.7744291134891694,-1.4640161017718714,-0.9926001567082828,-0.2628333160734236,-1.6227414809735077,-1.7309094610079192,-1.2335628659792075,True,True,False,False,True,False,False,True,False,False,False,False,False,False,False,False,False,False,False,False,False,False,False,True,False,False,False,False,False
-0.45262535069950854,-0.20402603740598538,-0.16755857101766397,-0.7388894021835094,0.0903176285720827,-0.4184942369221463,0.22631989740898695,-0.9465885015683356,0.6285945591848485,-0.31531821718063463,-0.2628333160734236,0.16401778718227997,0.1717887408162186,0.6038560748545543,True,True,False,False,False,True,False,False,False,False,False,False,False,False,False,False,False,True,False,False,False,False,False,False,False,True,False,False,False
-1.621637468134954,-1.87317265998087,-0.16755857101766397,-1.4150971189618466,-0.7847869617817428,-1.629978280337759,2.1325914562018657,-1.635226053885,-0.06894232780072483,-1.524750252051435,-1.2599311341932375,-2.8699482538895356,-3.1987052167008256,-0.18470288725326847,True,True,False,False,True,False,True,False,False,False,False,False,False,False,False,False,False,False,False,False,False,False,False,True,False,False,False,False,False
-0.7448783800583699,-0.49452648204291244,-0.29687117960929804,-0.9642919744429552,-0.40557497262841846,-0.27311615171227277,0.40961523960060997,-0.4301103373308372,-0.4177107712935115,0.15232883630274155,-0.2628333160734236,0.03116315267600743,-0.3718393168478208,-0.008616905423366296,True,True,False,False,True,False,False,False,False,False,False,False,False,False,False,False,True,False,False,False,False,False,False,False,False,True,False,False,False
-0.7448783800583699,-0.49452648204291244,-0.29687117960929804,-0.2588654057050601,-0.14304359552227078,-0.4184942369221463,-0.47020240291918053,-0.4301103373308372,-0.4177107712935115,0.15232883630274155,-0.2628333160734236,0.34296484590501436,0.10383523360821366,0.259340023448224,True,True,False,True,False,False,False,False,False,False,False,False,False,False,False,False,False,True,False,False,False,False,False,False,False,True,False,False,False
-0.7448783800583699,-0.49452648204291244,-0.29687117960929804,-0.8223718363536745,-0.5222555846755952,-0.5154129603953953,0.22631989740898695,-1.549146359845417,-1.4640161017718714,-0.9549733822900802,-0.2628333160734236,-0.49754406627752606,-0.6436533456798404,-0.4296920793644367,True,False,True,False,True,False,False,False,False,False,False,False,False,False,False,False,True,False,False,False,False,False,False,False,False,True,False,False,False
1.885398884171382,1.7211548753573764,-0.16755857101766397,0.88901806413471,1.1987834430202617,0.9868272534399644,-0.873452155740751,2.3072239331279043,1.6748998896632084,0.6307263967627471,-0.2628333160734236,1.150937929228876,1.7890822123667358,0.22106046218085393,True,True,False,True,False,False,False,False,False,False,False,False,False,False,False,False,False,False,False,True,False,False,False,False,False,True,False,False,False
2.1776519135302435,1.7211548753573764,-0.16755857101766397,2.03690153397448,3.007332929751501,0.5991523595469683,-1.4599972507539447,2.3072239331279043,1.6748998896632084,0.6307263967627471,-0.2628333160734236,1.150937929228876,1.7890822123667358,0.266995935701698,True,True,False,True,False,False,False,False,False,False,False,False,False,False,False,False,False,False,False,True,False,False,False,False,False,True,False,False,False
1.885398884171382,1.7211548753573764,-0.16755857101766397,0.88901806413471,1.723846197232557,0.8414491682300909,-0.873452155740751,2.3072239331279043,1.6748998896632084,0.6307263967627471,-0.2628333160734236,1.150937929228876,1.7890822123667358,0.22106046218085393,True,True,False,True,False,False,False,False,False,False,False,False,False,False,False,False,False,False,False,True,False,False,False,False,False,True,False,False,False
1.885398884171382,1.2238575040297563,-0.16755857101766397,0.88901806413471,1.0237625249494966,1.229124062123087,-0.9834293610557248,1.9801210957774886,1.6748998896632084,0.08245054095465086,-0.2628333160734236,1.2485454158049127,1.598812392184322,-1.0498209718958313,True,True,False,True,False,False,False,False,False,False,False,True,False,False,False,False,False,False,False,False,False,False,False,False,True,False,False,False,False
2.0607507017866986,1.2238575040297563,-0.16755857101766397,2.03690153397448,1.869696962291528,0.6960710830202174,-1.4966563191922693,1.9801210957774886,0.24494927134278316,0.08245054095465086,-0.2628333160734236,1.2485454158049127,1.598812392184322,-1.0498209718958313,True,True,False,True,False,False,False,False,False,False,False,True,False,False,False,False,False,False,False,False,False,False,False,False,True,False,False,False,False
1.885398884171382,1.2238575040297563,-0.16755857101766397,0.88901806413471,1.0237625249494966,1.229124062123087,-0.9834293610557248,1.9801210957774886,1.6748998896632084,0.08245054095465086,-0.2628333160734236,1.2485454158049127,1.598812392184322,-1.0498209718958313,True,True,False,True,False,False,False,False,False,False,False,True,False,False,False,False,False,False,False,False,False,False,False,False,True,False,False,False,False
2.4699049428891047,1.868866965850729,6.71187220605727,2.9343377013037553,-0.5805958906991835,2.6344455524851975,-1.42333818231562,1.0160285225341583,-1.4640161017718714,-0.20243789392602657,-0.2628333160734236,0.8038890880696333,0.701826097038657,-1.4632402335834278,True,True,False,True,False,False,False,False,False,False,False,True,False,False,False,False,False,False,False,False,False,False,False,False,False,False,True,False,False
0.42413373737707544,0.8841196958950451,5.418746120140929,-0.2797360142476014,-0.9598078798525079,1.6652583177527074,-0.8001340188641017,0.6028459911441595,-1.4640161017718714,-0.20243789392602657,-0.2628333160734236,0.8038890880696333,0.701826097038657,-1.4632402335834278,True,True,False,False,False,True,False,False,False,False,False,True,False,False,False,False,False,False,False,False,False,False,False,False,False,False,True,False,False
1.885398884171382,0.8841196958950451,5.418746120140929,-0.2797360142476014,-0.6097660437109778,1.810636402962581,-1.3500200454389708,0.6028459911441595,-1.4640161017718714,-0.20243789392602657,-0.2628333160734236,0.8038890880696333,0.701826097038657,-1.4632402335834278,True,True,False,True,False,False,False,False,False,False,False,True,False,False,False,False,False,False,False,False,False,False,False,False,False,False,True,False,False
-0.16037232134064724,-0.4452891185451282,-0.16755857101766397,-0.6428846028878196,-0.40557497262841846,-0.22465678997564828,-0.506861471357505,-0.6022697254100033,0.7681019365819631,-0.44969955438850134,-0.2628333160734236,-0.5924402337820065,-0.5756998384718356,-0.2153265362671645,True,True,False,False,False,True,False,False,False,False,False,False,False,False,False,False,True,False,False,False,False,False,False,False,False,True,False,False,False
0.42413373737707544,0.017542098334043528,-0.16755857101766397,0.9516298897623338,0.14865793459567106,0.017640018707474246,-1.3500200454389708,-0.6883494194495864,-0.06894232780072483,-1.315115366007163,-3.2541267704328654,-0.3890913034152628,0.34846785955703136,-2.0833691261148224,True,True,False,True,False,False,False,False,False,False,False,False,True,False,False,False,False,False,False,False,False,True,False,False,False,False,False,False,False
0.2780072226976448,0.017542098334043528,-0.16755857101766397,-0.09190053736472992,-0.493085431663801,0.3083961891272213,-0.6901568135491281,-0.6883494194495864,-0.06894232780072483,-1.315115366007163,-3.2541267704328654,-0.3890913034152628,0.34846785955703136,-2.0833691261148224,True,True,False,False,False,True,False,False,False,False,False,False,True,False,False,False,False,False,False,False,False,True,False,False,False,False,False,False,False
-0.7448783800583699,-1.144459680213664,-0.2882503390365225,-1.0310779217790873,-0.5222555846755952,-0.9030878542883913,0.29963803428563623,-0.9810203791841688,-0.7664792147862981,-0.7023364683392908,-0.2628333160734236,-1.061498433161295,-0.6980161514462444,-0.7435844817568711,True,True,False,False,False,True,False,False,True,False,False,False,False,False,False,False,False,False,False,False,False,False,False,True,False,False,False,False,False
-0.7448783800583699,-0.6077724180878159,-0.2882503390365225,-1.0310779217790873,-0.6097660437109778,-0.3215755134488973,0.37295617116228547,-0.1546553164041714,-0.7664792147862981,-0.7023364683392908,-0.2628333160734236,-1.061498433161295,-0.6980161514462444,-0.7435844817568711,True,True,False,False,False,True,False,False,True,False,False,False,False,False,False,False,False,False,False,False,False,False,False,True,False,False,False,False,False
-0.16037232134064724,0.017542098334043528,-0.16755857101766397,-0.6136657509282618,-0.5805958906991835,0.3083961891272213,-0.14027078697425904,-0.2579509492516711,-0.7664792147862981,-0.7023364683392908,-0.2628333160734236,-1.061498433161295,-0.6980161514462444,-0.651713534715183,True,True,False,False,False,True,False,False,True,False,False,False,False,False,False,False,False,False,False,False,False,False,False,True,False,False,False,False,False
0.42413373737707544,-0.6077724180878159,-0.2882503390365225,0.4298646761988019,-0.08470328949868242,-0.7092504073418934,-1.1300656348090232,-0.1546553164041714,-0.7664792147862981,-0.7023364683392908,-0.2628333160734236,-1.061498433161295,-0.6980161514462444,-0.651713534715183,True,True,False,True,False,False,False,False,True,False,False,False,False,False,False,False,False,False,False,False,False,False,False,True,False,False,False,False,False
-0.014245806661216569,-0.8194930811282882,-0.16755857101766397,-0.9058542705238396,-0.34723466660483004,-0.5638723221320199,0.29963803428563623,-1.1187478896475018,-0.7664792147862981,-0.0788070636947892,-0.2628333160734236,-0.21285556376408496,-0.9426487773950621,-0.4450039038713847,True,True,False,False,True,False,False,False,True,False,False,False,False,False,False,False,False,False,False,False,False,False,False,False,False,False,False,False,True
-0.014245806661216569,-1.380799025003028,-0.16755857101766397,-0.9058542705238396,-0.4347451256402126,-1.242303386444763,0.29963803428563623,-1.239259461302918,-0.7664792147862981,-0.0788070636947892,-0.2628333160734236,-0.21285556376408496,-0.9426487773950621,-0.4450039038713847,True,True,False,False,True,False,False,False,True,False,False,False,False,False,False,False,False,False,False,False,False,False,False,False,False,False,False,False,True
-0.45262535069950854,-1.3266379251554652,-0.16755857101766397,-1.0310779217790873,-0.6972765027463603,-1.1453846629715139,0.40961523960060997,-0.7744291134891694,-0.4177107712935115,-0.21856365439097059,-0.2628333160734236,-0.5490591286371012,-0.5213370327054316,0.15215725189958787,True,True,False,False,False,True,False,False,False,False,False,False,False,False,False,False,True,False,False,False,False,False,False,False,False,True,False,False,False
0.13188070801821408,-0.5880774726887024,-0.16755857101766397,-0.6136657509282618,-0.8431272678053312,-0.27311615171227277,-0.2135889238509083,-0.6022697254100033,-0.4177107712935115,-0.21856365439097059,-0.2628333160734236,-0.5490591286371012,-0.5213370327054316,0.15215725189958787,True,True,False,False,False,True,False,False,False,False,False,False,False,False,False,False,True,False,False,False,False,False,False,False,False,True,False,False,False
-0.3064988360200779,-0.2828058190024405,-0.16755857101766397,-0.9058542705238396,-0.23055405455765335,-0.22465678997564828,0.5562515133539084,-0.7399972358733362,-0.7664792147862981,-0.24543992183254393,-0.2628333160734236,-0.9638909465852582,-1.064965090369471,0.3665227949968601,True,True,False,False,True,False,False,False,False,False,False,False,False,False,False,True,False,False,False,False,False,False,False,False,False,True,False,False,False
-0.3064988360200779,-1.2330869345096753,-0.16755857101766397,-0.9058542705238396,-0.2888943605812417,-1.242303386444763,0.6295696502305574,-1.290907277726668,-0.7664792147862981,-0.24543992183254393,-0.2628333160734236,-0.9638909465852582,-1.064965090369471,0.3665227949968601,True,True,False,False,True,False,False,False,False,False,False,False,False,False,False,True,False,False,False,False,False,False,False,False,False,True,False,False,False
3.0544110016068275,0.44098342441498734,-0.16755857101766397,3.5604559575799932,1.0237625249494966,0.017640018707474246,-1.4966563191922693,1.119324155381658,-0.06894232780072483,-1.8418902078620005,-1.2599311341932375,0.7794872164256241,0.9464587229874747,-1.8077562849897582,True,True,False,True,False,False,False,False,False,False,False,True,False,False,False,False,False,False,False,False,False,True,False,False,False,False,False,False,False
4.077296604362842,0.44098342441498734,-0.16755857101766397,3.5604559575799932,0.5570400767607896,0.25993682739059676,-1.5333153876305936,1.5841545031954065,-0.06894232780072483,-1.202235042752555,-1.2599311341932375,0.760507982924728,0.9464587229874747,-1.8996272320314462,True,True,False,True,False,False,False,False,False,False,False,True,False,False,False,False,False,False,False,False,False,False,True,False,False,False,False,False,False
1.0086397960947981,1.0318317863883977,-0.16755857101766397,1.348171452070618,1.6655058912089686,0.06609938044409876,-1.0200884294940495,-0.2579509492516711,1.0471166913761925,0.22220713165083225,-0.2628333160734236,0.5056439901984093,0.8241424100130659,0.3818346195038081,True,True,False,True,False,False,False,False,False,False,False,False,False,False,False,False,False,False,True,False,False,False,False,False,False,True,False,False,False
-0.16037232134064724,0.49022078791277157,-0.16755857101766397,-0.6136657509282618,0.936252065914114,-0.27311615171227277,0.8495240608605049,-0.3784625209070874,-0.06894232780072483,-0.1271843450896212,1.731362320166204,1.6037282141788252,1.530858884976317,1.8288020354103955,True,True,False,False,True,False,False,False,False,False,False,False,False,False,False,False,False,False,False,False,True,False,False,False,False,False,False,True,False
-0.3064988360200779,-0.396051755047344,-0.16755857101766397,-0.7388894021835094,-0.7264466557581545,-0.03081934302915026,0.2629789658473114,-0.08579156117250496,0.6285945591848485,-0.20243789392602657,-0.2628333160734236,0.6574778582055779,0.03588172640020874,-0.8431113410520331,True,True,False,False,False,True,False,False,False,True,False,False,False,False,False,False,False,False,False,False,False,False,False,False,True,False,False,False,False
-0.3064988360200779,0.04708451643271377,-0.16755857101766397,-0.7388894021835094,-0.7847869617817428,0.45377427433709483,0.3362971027239607,-0.9465885015683356,0.6285945591848485,-0.20243789392602657,-0.2628333160734236,0.6574778582055779,0.03588172640020874,-0.8431113410520331,True,True,False,False,False,True,False,False,False,True,False,False,False,False,False,False,False,False,False,False,False,False,False,False,True,False,False,False,False
0.7163867667359367,0.5394581514105558,-0.16755857101766397,-0.6762775765558856,-1.1931691039468615,1.6652583177527074,-0.06695265009760977,1.8940414017379055,0.6285945591848485,-0.4765758218300747,-0.2628333160734236,0.12063668203737464,-0.4397928240558257,-1.0191973228819353,True,True,False,False,False,True,False,False,False,True,False,False,False,False,False,False,False,False,False,False,False,False,False,False,False,False,True,False,False
0.7163867667359367,0.5394581514105558,-0.16755857101766397,0.07506433097560028,-1.0764884918996847,1.519880232542834,-0.7268158819874525,1.8940414017379055,1.0471166913761925,-0.4765758218300747,-0.2628333160734236,0.12063668203737464,-0.4397928240558257,-1.0191973228819353,True,True,False,True,False,False,False,False,False,True,False,False,False,False,False,False,False,False,False,False,False,False,False,False,False,False,True,False,False
-0.7448783800583699,-0.37143307329845193,-0.07703974500352011,-0.46757149113047286,-0.493085431663801,0.017640018707474246,0.6295696502305574,-0.4301103373308372,0.6285945591848485,-0.8259672985705282,-0.2628333160734236,-0.5843062765673367,-0.7251975543294464,0.14450133964611386,True,True,False,False,True,False,False,False,False,False,False,False,False,False,False,False,True,False,False,False,False,False,False,False,False,True,False,False,False
-0.7448783800583699,-0.17448361930731512,-0.16755857101766397,-0.46757149113047286,-0.6097660437109778,0.25993682739059676,0.6295696502305574,-0.6022697254100033,0.6285945591848485,-0.8259672985705282,-0.2628333160734236,-0.5843062765673367,-0.7251975543294464,0.14450133964611386,True,True,False,False,True,False,False,False,False,False,False,False,False,False,False,False,True,False,False,False,False,False,False,False,False,True,False,False,False
-0.7448783800583699,-0.37143307329845193,-0.07703974500352011,-0.44670088258793156,-0.026362983475094044,-0.4184942369221463,0.29963803428563623,-0.4301103373308372,1.0471166913761925,-0.8259672985705282,-0.2628333160734236,-0.5843062765673367,-0.7251975543294464,0.14450133964611386,True,True,False,True,False,False,False,False,False,False,False,False,False,False,False,False,True,False,False,False,False,False,False,False,False,True,False,False,False
-0.7448783800583699,-0.37143307329845193,-0.07703974500352011,0.09593493951814155,-0.026362983475094044,-0.4184942369221463,-0.323566129165882,-0.4301103373308372,1.0471166913761925,-0.8259672985705282,-0.2628333160734236,-0.5843062765673367,-0.7251975543294464,0.14450133964611386,True,True,False,True,False,False,False,False,False,False,False,False,False,False,False,False,True,False,False,False,False,False,False,False,False,True,False,False,False
-0.7448783800583699,-0.17448361930731512,-0.16755857101766397,-0.46757149113047286,-0.3180645135930359,0.21147746565397227,0.7395468555455315,-0.6022697254100033,0.4890871817877338,0.007196992118245505,1.731362320166204,0.014895238246667938,-0.7251975543294464,0.5043292155593923,True,True,False,False,True,False,False,False,False,False,False,False,False,False,False,False,True,False,False,False,False,False,False,False,False,True,False,False,False
-0.7448783800583699,-0.37143307329845193,-0.07703974500352011,-0.44670088258793156,0.14865793459567106,-0.46695359865877084,0.40961523960060997,-0.4301103373308372,0.9076093139790778,0.007196992118245505,1.731362320166204,0.014895238246667938,-0.7251975543294464,0.5043292155593923,True,True,False,True,False,False,False,False,False,False,False,False,False,False,False,False,True,False,False,False,False,False,False,False,False,True,False,False,False
-0.7448783800583699,-0.37143307329845193,-0.07703974500352011,0.09593493951814155,0.14865793459567106,-0.46695359865877084,-0.2502479922892328,-0.4301103373308372,0.9076093139790778,0.007196992118245505,1.731362320166204,0.014895238246667938,-0.7251975543294464,0.5043292155593923,True,True,False,True,False,False,False,False,False,False,False,False,False,False,False,False,True,False,False,False,False,False,False,False,False,True,False,False,False
0.7163867667359367,0.7364076054016926,-0.16755857101766397,0.2211585907733892,0.0028071695367001396,1.2775834238597115,0.1530017605323377,-0.08579156117250496,-0.4177107712935115,-0.342194484622208,-0.2628333160734236,0.7252608349944925,0.25333294946582446,-0.751240394010345,True,True,False,False,False,True,False,False,False,False,True,False,False,False,False,False,False,False,False,False,False,False,False,False,False,False,True,False,False
0.7163867667359367,0.815187386998147,-0.012383440707703058,1.118594758102664,0.294508699654642,1.1806647003864623,-0.2135889238509083,0.2757431537937439,0.9076093139790778,-0.342194484622208,-0.2628333160734236,0.7252608349944925,0.25333294946582446,-0.751240394010345,True,True,False,True,False,False,False,False,False,False,True,False,False,False,False,False,False,False,False,False,False,False,False,False,False,False,True,False,False
0.7163867667359367,1.081069149886182,-0.16755857101766397,0.283770416401013,0.03197732254849432,1.5683395942794585,-0.14027078697425904,0.2757431537937439,-0.4177107712935115,-0.342194484622208,-0.2628333160734236,0.7252608349944925,0.25333294946582446,-0.697649008236027,True,True,False,False,False,True,False,False,False,False,True,False,False,False,False,False,False,False,False,False,False,False,False,False,False,False,True,False,False
0.7163867667359367,0.815187386998147,-0.012383440707703058,1.5067880769939317,0.294508699654642,1.0837459769132134,-0.8001340188641017,0.2757431537937439,0.9076093139790778,-0.342194484622208,-0.2628333160734236,0.7252608349944925,0.25333294946582446,-0.751240394010345,True,True,False,True,False,False,False,False,False,False,True,False,False,False,False,False,False,False,False,False,False,False,False,False,False,False,True,False,False
0.7163867667359367,0.815187386998147,-0.012383440707703058,1.5067880769939317,1.2862939020556443,0.5506929978103439,-0.9834293610557248,0.2757431537937439,0.9076093139790778,-0.342194484622208,-0.2628333160734236,0.774064578282511,0.25333294946582446,-0.8124876920381371,True,True,False,True,False,False,False,False,False,False,True,False,False,False,False,False,False,False,False,False,False,False,False,False,False,False,True,False,False
1.0086397960947981,0.815187386998147,-0.012383440707703058,1.890807274176691,1.3154640550674384,0.5506929978103439,-1.240042840123997,0.2757431537937439,0.9076093139790778,-0.342194484622208,-0.2628333160734236,0.774064578282511,0.25333294946582446,-0.8124876920381371,True,True,False,True,False,False,False,False,False,False,True,False,False,False,False,False,False,False,False,False,False,False,False,False,False,False,True,False,False
0.7163867667359367,0.815187386998147,-0.16755857101766397,0.2211585907733892,0.5570400767607896,0.5506929978103439,0.2629789658473114,0.2757431537937439,-0.4177107712935115,0.14157832932611222,-0.2628333160734236,0.5002213520552962,0.715416798480258,0.6421356361219244,True,True,False,False,False,True,False,False,False,False,False,False,False,False,False,False,False,False,True,False,False,False,False,False,False,True,False,False,False
0.7163867667359367,0.815187386998147,-0.16755857101766397,1.118594758102664,0.7612311478433489,0.4053149126004703,-0.10361171853593457,0.2757431537937439,1.0471166913761925,0.14157832932611222,-0.2628333160734236,0.5002213520552962,0.715416798480258,0.6421356361219244,True,True,False,True,False,False,False,False,False,False,False,False,False,False,False,False,False,False,True,False,False,False,False,False,False,True,False,False,False
0.7163867667359367,1.081069149886182,-0.16755857101766397,0.283770416401013,0.03197732254849432,0.7929898064934664,0.0063654867790394936,0.2757431537937439,-0.4177107712935115,0.14157832932611222,-0.2628333160734236,0.5002213520552962,0.715416798480258,0.6421356361219244,True,True,False,False,False,True,False,False,False,False,False,False,False,False,False,False,False,False,True,False,False,False,False,False,False,True,False,False,False
0.7163867667359367,1.081069149886182,-0.16755857101766397,1.5067880769939317,0.7028908418197606,0.5991523595469683,-0.7268158819874525,0.2757431537937439,1.0471166913761925,0.14157832932611222,-0.2628333160734236,0.5002213520552962,0.715416798480258,0.6421356361219244,True,True,False,True,False,False,False,False,False,False,False,False,False,False,False,False,False,False,True,False,False,False,False,False,False,True,False,False,False
0.7163867667359367,0.815187386998147,-0.012383440707703058,1.5067880769939317,1.4904849731382035,0.3083961891272213,-0.9467702926174003,0.2757431537937439,1.0471166913761925,0.14157832932611222,-0.2628333160734236,0.5436024572002015,0.715416798480258,0.5426087768267622,True,True,False,True,False,False,False,False,False,False,False,False,False,False,False,False,False,False,True,False,False,False,False,False,False,True,False,False,False
1.5931458548125208,0.815187386998147,-0.012383440707703058,2.099513359602104,2.307249257468441,0.25993682739059676,-1.240042840123997,0.2757431537937439,1.0471166913761925,0.14157832932611222,-0.2628333160734236,0.5436024572002015,0.715416798480258,0.5426087768267622,True,True,False,True,False,False,False,False,False,False,False,False,False,False,False,False,False,False,True,False,False,False,False,False,False,True,False,False,False
0.7163867667359367,1.081069149886182,-0.012383440707703058,0.283770416401013,0.06114747556028851,1.713717679489332,-0.06695265009760977,0.08636782690666116,-0.4177107712935115,0.6791036781575791,-0.2628333160734236,1.4762962178156658,0.5251469782978442,-0.682337183729079,True,True,False,False,False,True,False,False,False,False,False,True,False,False,False,False,False,False,False,False,False,False,False,False,False,False,True,False,False
0.7163867667359367,2.164291146837434,-0.16755857101766397,1.2646890179004528,0.4986997707372013,2.5375268290119486,-0.43354333448085575,0.6028459911441595,0.9076093139790778,0.6791036781575791,-0.2628333160734236,1.4762962178156658,0.5251469782978442,-0.6364017102082349,True,True,False,True,False,False,False,False,False,False,False,True,False,False,False,False,False,False,False,False,False,False,False,False,False,False,True,False,False
0.7163867667359367,2.164291146837434,-0.16755857101766397,0.29629278152653776,0.294508699654642,2.828282999431696,-0.2502479922892328,0.6028459911441595,-0.4177107712935115,0.6791036781575791,-0.2628333160734236,1.4762962178156658,0.5251469782978442,-0.6364017102082349,True,True,False,False,False,True,False,False,False,False,False,True,False,False,False,False,False,False,False,False,False,False,False,False,False,False,True,False,False
0.7163867667359367,2.164291146837434,-0.16755857101766397,1.381564425738684,0.4986997707372013,2.392148743802075,-0.7268158819874525,0.6028459911441595,0.9076093139790778,0.6791036781575791,-0.2628333160734236,1.4762962178156658,0.5251469782978442,-0.6364017102082349,True,True,False,True,False,False,False,False,False,False,False,True,False,False,False,False,False,False,False,False,False,False,False,False,False,False,True,False,False
0.7163867667359367,2.164291146837434,-0.16755857101766397,1.5067880769939317,0.4986997707372013,2.392148743802075,-0.9101112241790754,0.6028459911441595,0.9076093139790778,0.6791036781575791,-0.2628333160734236,1.4762962178156658,0.5251469782978442,-0.6364017102082349,True,True,False,True,False,False,False,False,False,False,False,True,False,False,False,False,False,False,False,False,False,False,False,False,False,False,True,False,False
1.885398884171382,2.164291146837434,-0.16755857101766397,2.1829957937722693,1.723846197232557,1.8590957646992055,-1.2767019085623217,0.6028459911441595,0.9076093139790778,0.6791036781575791,-0.2628333160734236,1.4762962178156658,0.5251469782978442,-0.6364017102082349,True,True,False,True,False,False,False,False,False,False,False,True,False,False,False,False,False,False,False,False,False,False,False,False,False,False,True,False,False
0.7163867667359367,2.164291146837434,-0.16755857101766397,1.2646890179004528,1.0529326779612909,1.326042785596336,-0.28690706072755756,0.6028459911441595,1.0471166913761925,0.8134850153654458,1.731362320166204,1.2105869488031207,0.9736401258706766,0.8947807404865666,True,True,False,True,False,False,False,False,False,False,False,False,False,False,False,False,False,False,False,True,False,False,False,False,False,True,False,False,False
0.7163867667359367,2.164291146837434,-0.16755857101766397,0.29629278152653776,0.936252065914114,1.4229615090695849,-0.0302935816592853,0.6028459911441595,-0.4177107712935115,0.8134850153654458,1.731362320166204,1.2105869488031207,0.9736401258706766,0.8947807404865666,True,True,False,False,False,True,False,False,False,False,False,False,False,False,False,False,False,False,False,True,False,False,False,False,False,True,False,False,False
0.7163867667359367,2.164291146837434,-0.16755857101766397,1.381564425738684,1.0529326779612909,1.326042785596336,-0.5801796082341543,0.6028459911441595,1.0471166913761925,0.8134850153654458,1.731362320166204,1.2105869488031207,0.9736401258706766,0.8947807404865666,True,True,False,True,False,False,False,False,False,False,False,False,False,False,False,False,False,False,False,True,False,False,False,False,False,True,False,False,False
0.7163867667359367,2.164291146837434,-0.16755857101766397,1.5067880769939317,1.0529326779612909,1.326042785596336,-0.8001340188641017,0.6028459911441595,1.0471166913761925,-0.1271843450896212,1.731362320166204,1.2105869488031207,0.9736401258706766,0.8947807404865666,True,True,False,True,False,False,False,False,False,False,False,False,False,False,False,False,False,False,False,True,False,False,False,False,False,True,False,False,False
0.7163867667359367,2.164291146837434,-0.16755857101766397,1.890807274176691,1.402974514102821,0.9383678917033399,-0.9101112241790754,0.6028459911441595,1.0471166913761925,-0.2884419497390613,-1.2599311341932375,1.2105869488031207,0.9736401258706766,0.9483721262608846,True,True,False,True,False,False,False,False,False,False,False,False,False,False,False,False,False,False,False,True,False,False,False,False,False,True,False,False,False
-1.5631868622631815,-1.4300363885008123,-0.16755857101766397,-1.0519485303216285,0.4111893117018187,-1.6784376420743834,2.352545866831814,-1.290907277726668,0.6285945591848485,1.7971564037270302,1.731362320166204,0.6601891772771344,-0.3854300182894218,1.6067805800596493,True,True,False,False,True,False,False,False,False,False,False,False,False,False,False,False,False,False,False,False,True,False,False,False,False,False,False,True,False
-1.5631868622631815,-1.4300363885008123,-0.16755857101766397,-1.0519485303216285,0.11948778158387688,-1.629978280337759,2.095932387763541,-1.290907277726668,0.6285945591848485,0.30821118746386694,-0.2628333160734236,-0.4894101090628563,-0.3854300182894218,1.6680278780874414,True,True,False,False,True,False,False,False,False,False,False,False,False,False,False,False,False,False,False,False,True,False,False,False,False,False,False,True,False
-0.7448783800583699,-0.6914759360340492,-0.19342109273599079,-0.5510539253006379,3.474055377940208,-1.7753563655476325,1.8759779771335938,-1.1187478896475018,-1.4640161017718714,4.925553933926167,1.731362320166204,1.8748601213344833,0.5523283811810461,2.37237180540705,True,True,False,False,True,False,False,False,False,False,False,False,False,False,False,False,False,False,False,False,True,False,False,False,False,False,False,True,False
-0.7448783800583699,-0.6914759360340492,-0.19342109273599079,-0.5510539253006379,3.474055377940208,-1.726897003811008,1.8759779771335938,-1.1187478896475018,-1.4640161017718714,2.8829576083665933,1.731362320166204,1.2512567348764694,0.5523283811810461,2.3647158931535763,True,True,False,False,True,False,False,False,False,False,False,False,False,False,False,False,False,False,False,False,True,False,False,False,False,False,False,True,False
-1.3293844387760925,0.7856449688994768,-0.08997100586268351,-0.5510539253006379,2.511440328551,-0.7577097690785178,1.9492961140102427,-0.4989740925625037,-1.4640161017718714,4.925553933926167,1.731362320166204,1.8748601213344833,0.5523283811810461,2.29581268287231,True,True,False,False,True,False,False,False,False,False,False,False,False,False,False,False,False,False,False,False,True,False,False,False,False,False,False,True,False
-0.7448783800583699,0.7856449688994768,-0.08997100586268351,-0.5510539253006379,3.2990344598694428,-0.7092504073418934,1.9126370455719184,-0.4989740925625037,-1.4640161017718714,2.8829576083665933,1.731362320166204,1.2512567348764694,0.5523283811810461,2.29581268287231,True,True,False,False,True,False,False,False,False,False,False,False,False,False,False,False,False,False,False,False,True,False,False,False,False,False,False,True,False
-0.16037232134064724,2.065816419841866,-0.16755857101766397,2.784069319797458,3.0365030827632955,-0.3215755134488973,-0.8001340188641017,0.4306866030649934,-1.4640161017718714,0.32971220141712565,-0.2628333160734236,-0.147783906046727,0.5931004855058492,2.9465652244176006,True,True,False,True,False,False,False,False,False,False,False,False,False,False,False,False,False,False,False,True,False,False,False,False,False,True,False,False,False
-0.7448783800583699,-0.6914759360340492,-0.19342109273599079,-0.5719245338431792,2.6572910936099707,-1.726897003811008,1.8759779771335938,-1.1187478896475018,-1.4640161017718714,4.8180488641598735,2.728460138286018,1.8748601213344833,0.5523283811810461,2.211597648084096,True,True,False,False,True,False,False,False,False,False,False,False,False,False,False,False,False,False,False,False,True,False,False,False,False,False,False,True,False
-0.7448783800583699,-0.6914759360340492,-0.19342109273599079,-0.5719245338431792,2.803141858668942,-1.6784376420743834,1.8759779771335938,-1.1187478896475018,-1.4640161017718714,2.6679474688340066,2.728460138286018,1.2512567348764694,0.5523283811810461,2.211597648084096,True,True,False,False,True,False,False,False,False,False,False,False,False,False,False,False,False,False,False,False,True,False,False,False,False,False,False,True,False
-0.7448783800583699,0.7856449688994768,-0.08997100586268351,-0.5719245338431792,2.832312011680736,-0.6607910456052688,1.9126370455719184,-0.4989740925625037,-1.4640161017718714,2.6679474688340066,2.728460138286018,1.2512567348764694,0.5523283811810461,2.211597648084096,True,True,False,False,True,False,False,False,False,False,False,False,False,False,False,False,False,False,False,False,True,False,False,False,False,False,False,True,False
-0.7448783800583699,-1.7500792512364094,-0.16755857101766397,-0.8641130534387571,-0.9889780328643021,-1.5815189186011345,0.37295617116228547,-1.1187478896475018,-0.4177107712935115,-1.040977438103115,-0.2628333160734236,-1.6254528000450643,-1.812453669657525,-0.667025359222131,True,True,False,False,True,False,False,False,False,False,False,False,False,False,False,True,False,False,False,False,False,False,False,False,False,True,False,False,False
0.42413373737707544,-1.2232394618101183,-0.16755857101766397,-0.6136657509282618,-0.5805958906991835,-1.0969253012348894,-0.1769298554125835,-0.8605088075287525,-0.4177107712935115,-1.040977438103115,-0.2628333160734236,-1.6254528000450643,-1.812453669657525,-0.667025359222131,True,True,False,False,True,False,False,False,False,False,False,False,False,False,False,True,False,False,False,False,False,False,False,False,False,True,False,False,False
-0.45262535069950854,-1.2232394618101183,-0.16755857101766397,-0.6971481850984269,-0.9889780328643021,-1.0000065777616405,0.07968362365568843,-0.8605088075287525,-0.4177107712935115,-1.040977438103115,-0.2628333160734236,-1.6254528000450643,-1.812453669657525,-0.667025359222131,True,True,False,False,True,False,False,False,False,False,False,False,False,False,False,True,False,False,False,False,False,False,False,False,False,True,False,False,False
-0.7448783800583699,-1.8436302418821995,-0.16755857101766397,-0.8641130534387571,-1.105658644911479,-1.3876814716546364,0.1530017605323377,-1.1187478896475018,-1.4640161017718714,-1.5785027869345818,-1.2599311341932375,-2.2246543148590687,-1.7852722667743233,-1.0804446209097274,True,True,False,False,True,False,False,True,False,False,False,False,False,False,False,False,False,False,False,False,False,False,False,True,False,False,False,False,False
0.42413373737707544,-1.2232394618101183,-0.16755857101766397,-0.6136657509282618,-0.813957114793537,-1.0000065777616405,-0.3602251976042065,-0.8605088075287525,-1.4640161017718714,-1.5785027869345818,-1.2599311341932375,-2.2246543148590687,-1.7852722667743233,-1.0804446209097274,True,True,False,False,True,False,False,True,False,False,False,False,False,False,False,False,False,False,False,False,False,False,False,True,False,False,False,False,False
-0.45262535069950854,-1.2232394618101183,-0.16755857101766397,-0.6971481850984269,-1.0473183388878904,-0.6123316838686443,-0.06695265009760977,-0.8605088075287525,-1.4640161017718714,-1.5785027869345818,-1.2599311341932375,-2.2246543148590687,-1.7852722667743233,-1.0804446209097274,True,True,False,False,True,False,False,True,False,False,False,False,False,False,False,False,False,False,False,False,False,False,False,True,False,False,False,False,False
-0.45262535069950854,-0.4649840639442422,-0.16755857101766397,-1.0310779217790873,-0.6681063497345661,-0.12773806650239927,0.6295696502305574,-0.5334059701783369,-0.4177107712935115,-0.1809368799727679,-0.2628333160734236,-0.6656458487140342,-0.6028812413550375,0.4201141807711781,True,True,False,False,True,False,False,False,False,False,False,False,False,False,False,False,True,False,False,False,False,False,False,False,False,True,False,False,False
-0.16037232134064724,-0.4649840639442422,-0.16755857101766397,-0.012592224903073079,-0.40557497262841846,-0.27311615171227277,-0.47020240291918053,-0.5334059701783369,0.21007242699350448,-0.1809368799727679,-0.2628333160734236,-0.6656458487140342,-0.6028812413550375,0.4201141807711781,True,True,False,True,False,False,False,False,False,False,False,False,False,False,False,False,True,False,False,False,False,False,False,False,False,True,False,False,False
0.42413373737707544,0.7856449688994768,-0.29687117960929804,0.8472768470496275,0.20699824061925942,0.4053149126004703,-0.873452155740751,0.17244752094624421,0.21007242699350448,0.4587182851366777,-0.2628333160734236,0.4758194804112869,1.462905377768312,0.7799420566844565,True,True,False,True,False,False,False,False,False,False,False,False,False,False,False,False,False,False,True,False,False,False,False,False,False,True,False,False,False
0.42413373737707544,-0.026771528813962532,-0.27316386803416515,0.8472768470496275,0.5278699237489954,-0.27311615171227277,-0.873452155740751,-0.2579509492516711,0.21007242699350448,0.4587182851366777,-0.2628333160734236,0.4758194804112869,1.462905377768312,0.7799420566844565,True,True,False,True,False,False,False,False,False,False,False,False,False,False,False,False,False,False,True,False,False,False,False,False,False,True,False,False,False
0.42413373737707544,0.7856449688994768,-0.29687117960929804,1.4733951033258657,0.6445505357961722,0.3568555508638458,-1.0934065663706987,-0.4301103373308372,1.326131446170422,0.4103410037418457,-0.2628333160734236,0.6330759865615687,1.3541797662355042,0.9100925649935147,True,True,False,True,False,False,False,False,False,False,False,False,False,False,False,False,False,False,False,True,False,False,False,False,False,True,False,False,False
0.42413373737707544,-0.026771528813962532,-0.27316386803416515,1.4733951033258657,1.0237625249494966,-0.3700348751855218,-1.0934065663706987,-0.2579509492516711,1.326131446170422,0.4103410037418457,-0.2628333160734236,0.6330759865615687,1.3541797662355042,0.9100925649935147,True,True,False,True,False,False,False,False,False,False,False,False,False,False,False,False,False,False,False,True,False,False,False,False,False,True,False,False,False
0.42413373737707544,0.7856449688994768,-0.29687117960929804,1.4733951033258657,0.6445505357961722,0.45377427433709483,-1.0200884294940495,1.119324155381658,1.326131446170422,-1.2291113101941282,0.7342645020463903,1.1400926529426496,1.3813611691187062,1.1397699325977348,True,True,False,True,False,False,False,False,False,False,False,False,False,False,False,False,False,False,False,True,False,False,False,False,False,True,False,False,False
0.42413373737707544,-0.026771528813962532,-0.27316386803416515,1.4733951033258657,0.9654222189259082,-0.3215755134488973,-1.0200884294940495,-0.2579509492516711,1.326131446170422,-1.2291113101941282,0.7342645020463903,1.1400926529426496,1.3813611691187062,1.1397699325977348,True,True,False,True,False,False,False,False,False,False,False,False,False,False,False,False,False,False,False,True,False,False,False,False,False,True,False,False,False
0.42413373737707544,0.7856449688994768,-0.29687117960929804,0.8472768470496275,0.11948778158387688,1.035286615176589,-1.0567474979323739,-0.4301103373308372,0.4890871817877338,-0.5787056381080534,-0.2628333160734236,0.30229505983166566,0.9872308273122776,-0.7818640430242411,True,True,False,True,False,False,False,False,False,False,True,False,False,False,False,False,False,False,False,False,False,False,False,False,False,False,True,False,False
0.42413373737707544,-0.026771528813962532,-0.27316386803416515,0.8472768470496275,0.35284900567823035,0.16301810391734775,-1.0567474979323739,-0.2579509492516711,0.4890871817877338,-0.5787056381080534,-0.2628333160734236,0.30229505983166566,0.9872308273122776,-0.7818640430242411,True,True,False,True,False,False,False,False,False,False,True,False,False,False,False,False,False,False,False,False,False,False,False,False,False,False,True,False,False
0.42413373737707544,0.7856449688994768,-0.29687117960929804,0.8472768470496275,0.4403594647136129,0.8899085299667153,-1.0567474979323739,0.17244752094624421,0.4890871817877338,-0.23468941485591457,-0.2628333160734236,0.30229505983166566,0.9872308273122776,-0.7818640430242411,True,True,False,True,False,False,False,False,False,False,True,False,False,False,False,False,False,False,False,False,False,False,False,False,False,False,False,False,True
0.42413373737707544,-0.026771528813962532,-0.27316386803416515,0.8472768470496275,0.17782808760746524,0.06609938044409876,-1.0567474979323739,-0.2579509492516711,0.4890871817877338,-0.23468941485591457,-0.2628333160734236,0.30229505983166566,0.9872308273122776,-0.7818640430242411,True,True,False,True,False,False,False,False,False,False,True,False,False,False,False,False,False,False,False,False,False,False,False,False,False,False,False,False,True
0.42413373737707544,0.7856449688994768,-0.29687117960929804,1.4733951033258657,0.4403594647136129,1.0837459769132134,-1.1300656348090232,-0.4301103373308372,1.326131446170422,-0.7023364683392908,-0.2628333160734236,1.1455152910857627,1.3541797662355042,-0.705304920489501,True,True,False,True,False,False,False,False,False,False,False,True,False,False,False,False,False,False,False,False,False,False,False,False,False,False,True,False,False
0.42413373737707544,-0.026771528813962532,-0.27316386803416515,1.4733951033258657,0.8195714538669373,0.21147746565397227,-1.1300656348090232,-0.2579509492516711,1.326131446170422,-0.7023364683392908,-0.2628333160734236,1.1455152910857627,1.3541797662355042,-0.705304920489501,True,True,False,True,False,False,False,False,False,False,False,True,False,False,False,False,False,False,False,False,False,False,False,False,False,False,True,False,False
-0.7448783800583699,-0.5437638455406966,-0.16755857101766397,-0.8223718363536745,0.35284900567823035,-0.5638723221320199,0.22631989740898695,-0.6022697254100033,-0.4177107712935115,-0.13793485206625056,-0.2628333160734236,-0.22641215912186788,-0.5077463312638306,0.45073782978507415,True,True,False,False,True,False,False,False,False,False,False,False,False,False,False,False,True,False,False,False,False,False,False,False,False,True,False,False,False
-0.7448783800583699,0.6379328784061241,-0.16755857101766397,-0.8223718363536745,0.17782808760746524,0.5506929978103439,0.2629789658473114,-0.2579509492516711,-0.4177107712935115,-0.13793485206625056,-0.2628333160734236,-0.22641215912186788,-0.5077463312638306,0.45073782978507415,True,True,False,False,True,False,False,False,False,False,False,False,False,False,False,False,True,False,False,False,False,False,False,False,False,True,False,False,False
0.42413373737707544,0.6379328784061241,-0.16755857101766397,0.4298646761988019,0.7904013008551432,0.11455874218072326,-0.43354333448085575,-0.2579509492516711,0.6285945591848485,-0.422823286946928,-0.2628333160734236,-0.22641215912186788,-0.5077463312638306,0.45073782978507415,True,True,False,True,False,False,False,False,False,False,False,False,False,False,False,False,True,False,False,False,False,False,False,False,False,True,False,False,False
0.42413373737707544,0.6379328784061241,-0.16755857101766397,0.4298646761988019,1.3446342080792326,-0.07927870476577477,-0.6901568135491281,-0.2579509492516711,-0.06894232780072483,-0.422823286946928,-0.2628333160734236,-0.06373301482847295,-0.5077463312638306,0.45073782978507415,True,True,False,True,False,False,False,False,False,False,False,False,False,False,False,False,True,False,False,False,False,False,False,False,False,True,False,False,False
-1.5631868622631815,-1.4300363885008123,-0.16755857101766397,-1.0519485303216285,-0.14304359552227078,-1.629978280337759,2.095932387763541,-1.290907277726668,0.6285945591848485,1.7487791223321982,-0.2628333160734236,-0.5165232997784222,-0.3718393168478208,1.8134902109034476,True,True,False,False,True,False,False,False,False,False,False,False,False,False,False,False,False,False,False,False,True,False,False,False,False,False,False,True,False
-1.621637468134954,-1.4300363885008123,-0.16755857101766397,-1.0519485303216285,0.294508699654642,-1.6784376420743834,2.352545866831814,-1.290907277726668,0.6285945591848485,1.7487791223321982,1.731362320166204,0.6303646674900121,-0.3718393168478208,1.6374042290735453,True,True,False,False,True,False,False,False,False,False,False,False,False,False,False,False,False,False,False,False,True,False,False,False,False,False,False,True,False
-0.3941747448277363,-0.642238572536265,-0.16755857101766397,-0.6554069680133443,-0.3180645135930359,-0.46695359865877084,0.2629789658473114,-1.1187478896475018,-0.06894232780072483,-0.6109571590379413,-0.2628333160734236,-0.6900477203580434,-0.7795603600958503,-0.10048785246505439,True,True,False,False,True,False,False,False,False,False,False,False,False,False,False,False,True,False,False,False,False,False,False,False,False,True,False,False,False
-0.45262535069950854,-1.144459680213664,-0.29040554917971634,-0.9475954876089222,-1.0181481858760963,-0.7092504073418934,0.8495240608605049,-0.6883494194495864,-1.4640161017718714,-0.7614642567107521,-0.2628333160734236,-0.8256136739358725,-0.3718393168478208,-1.0038854983749874,True,True,False,False,True,False,False,False,True,False,False,False,False,False,False,False,False,False,False,False,False,False,False,True,False,False,False,False,False
-0.45262535069950854,-1.144459680213664,-0.29040554917971634,-0.9475954876089222,-1.1639989509350672,-0.8061691308151424,0.88618312929883,-0.6883494194495864,-1.4640161017718714,0.12007731537285354,-0.2628333160734236,-0.09898016275870851,-0.3718393168478208,-0.9273263758402472,True,True,False,False,True,False,False,False,True,False,False,False,False,False,False,False,False,False,False,False,False,False,False,False,False,False,False,False,True
-1.475510953455523,-1.1838495710118913,-0.16755857101766397,-0.9893367046940047,-0.40557497262841846,-1.53305955686451,1.619364498065322,-0.7744291134891694,-0.4177107712935115,1.5122679688463527,-0.2628333160734236,-0.7280061873598356,0.45719347108983927,1.6144364923131234,True,True,False,False,True,False,False,False,False,False,False,False,False,False,False,False,False,False,False,False,True,False,False,False,False,False,False,True,False
-1.475510953455523,-1.1838495710118913,-0.16755857101766397,-0.9893367046940047,-0.40557497262841846,-1.5815189186011345,1.619364498065322,-0.7744291134891694,-0.4177107712935115,2.9904626781328867,1.731362320166204,0.22095548768496817,0.45719347108983927,1.6603719658339675,True,True,False,False,True,False,False,False,False,False,False,False,False,False,False,False,False,False,False,False,True,False,False,False,False,False,False,True,False
-1.0371314094172313,-1.366027815953693,-0.16755857101766397,-0.9893367046940047,-0.9306377268407138,-1.0000065777616405,0.6662287186688819,-0.8088609911050026,-1.4640161017718714,-1.218360803217499,-0.2628333160734236,-1.6742565433330827,-1.6629559537999143,-1.2718424272465776,True,True,False,False,True,False,False,True,False,False,False,False,False,False,False,False,False,False,False,False,False,False,False,True,False,False,False,False,False
-1.0371314094172313,-1.2774005616576811,-0.29687117960929804,-0.9893367046940047,-1.2515094099704498,-0.7577097690785178,0.4462743080389344,-0.7744291134891694,-1.4640161017718714,-1.218360803217499,-0.2628333160734236,-1.6742565433330827,-1.6629559537999143,-1.2718424272465776,True,True,False,False,True,False,False,True,False,False,False,False,False,False,False,False,False,False,False,False,False,False,False,True,False,False,False,False,False
-1.3293844387760925,-1.4792737519985963,-0.16755857101766397,-1.5737137438851605,-0.5514257376873893,-1.4361408333912609,1.9126370455719184,-1.1187478896475018,-0.9757402808819702,-0.1809368799727679,-0.2628333160734236,-0.7957891641487501,-1.2552349105518847,0.259340023448224,True,True,False,False,True,False,False,False,False,False,False,False,False,False,False,True,False,False,False,False,False,False,False,False,False,True,False,False,False
-0.45262535069950854,-0.05139021056285463,-0.29687117960929804,-0.9893367046940047,-0.5222555846755952,-0.27311615171227277,0.7762059239838559,-0.6022697254100033,0.21007242699350448,0.3028359339755523,-0.2628333160734236,-0.07728961018625585,0.6338725898306521,0.48901739105244424,True,True,False,False,True,False,False,False,False,False,False,False,False,False,False,False,True,False,False,False,False,False,False,False,False,True,False,False,False
-0.45262535069950854,0.40159353361676015,-0.16755857101766397,-0.9893367046940047,-0.493085431663801,0.16301810391734775,0.7762059239838559,-0.4301103373308372,0.21007242699350448,0.3028359339755523,-0.2628333160734236,-0.07728961018625585,0.6338725898306521,0.48901739105244424,True,True,False,False,True,False,False,False,False,False,False,False,False,False,False,False,True,False,False,False,False,False,False,False,False,True,False,False,False
-1.0371314094172313,-1.144459680213664,-0.29040554917971634,-0.9893367046940047,-1.0764884918996847,-1.048465939498265,0.7762059239838559,-0.6883494194495864,-1.4640161017718714,-0.9872249032199683,-0.2628333160734236,-1.4302378268929903,-1.3231884177598896,-0.5139071141526508,True,True,False,False,True,False,False,False,False,False,False,False,False,False,False,True,False,False,False,False,False,False,False,False,False,True,False,False,False
-1.621637468134954,-1.366027815953693,-0.16755857101766397,-0.9475954876089222,1.577995432173586,-2.0661125359673793,2.352545866831814,-0.8088609911050026,-0.06894232780072483,0.5877243688562297,3.7255579564058316,0.825579640642086,0.44360276964823825,2.211597648084096,True,True,False,False,True,False,False,False,False,False,False,False,False,False,False,False,False,False,False,False,True,False,False,False,False,False,False,True,False
-1.621637468134954,-0.2975770280517756,-0.051177223285193287,-0.9475954876089222,1.1404431369966734,-1.2907627481813875,2.6824774827767346,-0.791645052297086,-0.06894232780072483,0.5877243688562297,3.7255579564058316,0.825579640642086,0.44360276964823825,2.211597648084096,True,True,False,False,True,False,False,False,False,False,False,False,False,False,False,False,False,False,False,False,True,False,False,False,False,False,False,True,False
-1.621637468134954,-1.366027815953693,-0.16755857101766397,-0.9475954876089222,1.6363357381971744,-2.0661125359673793,2.352545866831814,-0.8088609911050026,-0.06894232780072483,2.662572215345692,3.7255579564058316,1.7745413156868897,0.44360276964823825,2.211597648084096,True,True,False,False,True,False,False,False,False,False,False,False,False,False,False,False,False,False,False,False,True,False,False,False,False,False,False,True,False
-1.621637468134954,-0.2975770280517756,-0.051177223285193287,-0.9893367046940047,1.1987834430202617,-1.2907627481813875,2.6824774827767346,-0.791645052297086,-0.06894232780072483,2.662572215345692,3.7255579564058316,1.7745413156868897,0.44360276964823825,2.211597648084096,True,True,False,False,True,False,False,False,False,False,False,False,False,False,False,False,False,False,False,False,True,False,False,False,False,False,False,True,False
-1.0371314094172313,-1.366027815953693,-0.16755857101766397,-0.9893367046940047,-0.7847869617817428,-1.1938440247081383,1.1061375399287774,-0.8088609911050026,-1.4640161017718714,-0.32069347066894927,-0.2628333160734236,-1.0154060089448333,-1.5270489393839044,-0.5981221489408649,True,True,False,False,True,False,False,False,False,False,False,False,False,False,False,True,False,False,False,False,False,False,False,False,False,True,False,False,False
-1.0371314094172313,-1.144459680213664,-0.29040554917971634,-0.9893367046940047,-1.105658644911479,-0.9030878542883913,0.8128649924221804,-0.6883494194495864,-1.4640161017718714,-0.32069347066894927,-0.2628333160734236,-1.0154060089448333,-1.5270489393839044,-0.5981221489408649,True,True,False,False,True,False,False,False,False,False,False,False,False,False,False,True,False,False,False,False,False,False,False,False,False,True,False,False,False
-1.0371314094172313,-1.366027815953693,-0.16755857101766397,-0.9893367046940047,-0.9014675738289196,-1.0000065777616405,0.7762059239838559,-0.8088609911050026,-1.4640161017718714,-1.2291113101941282,-0.2628333160734236,-1.6905244577624223,-1.6629559537999143,-1.3101219885139477,True,True,False,False,True,False,False,True,False,False,False,False,False,False,False,False,False,False,False,False,False,False,False,True,False,False,False,False,False
-1.0371314094172313,-1.2774005616576811,-0.29687117960929804,-0.9893367046940047,-1.2515094099704498,-0.8061691308151424,0.48293337647725887,-0.7744291134891694,-1.4640161017718714,-1.2291113101941282,-0.2628333160734236,-1.6905244577624223,-1.6629559537999143,-1.3101219885139477,True,True,False,False,True,False,False,True,False,False,False,False,False,False,False,False,False,False,False,False,False,False,False,True,False,False,False,False,False
-0.45262535069950854,-0.05139021056285463,-0.29687117960929804,-0.634536359470803,-0.5805958906991835,-0.12773806650239927,0.702887787107207,-0.6022697254100033,0.27982611569206184,0.5070955665315097,-0.2628333160734236,-0.37011206991436674,0.10383523360821366,0.305275496969068,True,True,False,False,True,False,False,False,False,False,False,False,False,False,False,False,True,False,False,False,False,False,False,False,False,True,False,False,False
-0.45262535069950854,-0.05139021056285463,-0.29687117960929804,0.05836784414156725,0.936252065914114,-0.1761974282390238,-0.1769298554125835,-0.6022697254100033,-0.06894232780072483,0.5070955665315097,-0.2628333160734236,-0.37011206991436674,0.10383523360821366,0.305275496969068,True,True,False,True,False,False,False,False,False,False,False,False,False,False,False,False,True,False,False,False,False,False,False,False,False,True,False,False,False
-0.45262535069950854,1.125382777034188,-0.16755857101766397,-0.634536359470803,-0.5222555846755952,1.035286615176589,0.6662287186688819,0.17244752094624421,0.21007242699350448,0.5070955665315097,-0.2628333160734236,-0.37011206991436674,0.10383523360821366,0.305275496969068,True,True,False,False,True,False,False,False,False,False,False,False,False,False,False,False,True,False,False,False,False,False,False,False,False,True,False,False,False
-0.45262535069950854,-1.144459680213664,-0.29040554917971634,-0.9893367046940047,-1.134828797923273,-0.9030878542883913,1.069478471490453,-0.7744291134891694,-1.4640161017718714,-0.438949047411872,-0.2628333160734236,-0.8445929074367686,-0.4805649283806287,-1.2259069537257334,True,True,False,False,True,False,False,False,True,False,False,False,False,False,False,False,False,False,False,False,False,False,False,True,False,False,False,False,False
-1.0371314094172313,-1.144459680213664,-0.29040554917971634,-0.9893367046940047,-1.0473183388878904,-0.9030878542883913,1.142796608367102,-0.7744291134891694,-0.06894232780072483,0.614600636297803,-0.2628333160734236,-0.115248077188048,-0.4805649283806287,-1.2182510414722596,True,True,False,False,True,False,False,False,True,False,False,False,False,False,False,False,False,False,False,False,False,False,False,False,False,False,False,False,True
-0.7448783800583699,-0.7751794539802824,-0.16755857101766397,-0.634536359470803,-0.9889780328643021,-0.1761974282390238,0.11634269209401323,-0.9465885015683356,-0.06894232780072483,-0.12180909160130654,-0.2628333160734236,0.023029195461337682,-0.3854300182894218,-0.9426382003471953,True,True,False,False,True,False,False,False,False,False,False,False,False,False,False,False,False,True,False,False,False,False,False,False,False,True,False,False,False
-0.45262535069950854,-0.05139021056285463,-0.29687117960929804,-0.634536359470803,-0.37640481961662425,-0.22465678997564828,1.0328194030521278,-0.6022697254100033,-0.06894232780072483,-0.7829652706640108,1.731362320166204,0.30500637890322224,0.10383523360821366,0.7110388464031905,True,True,False,False,True,False,False,False,False,False,False,False,False,False,False,False,False,True,False,False,False,False,False,False,False,True,False,False,False
-0.45262535069950854,-0.05139021056285463,-0.29687117960929804,0.05836784414156725,1.1696132900084675,-0.3215755134488973,0.04302455521736396,-0.6022697254100033,-0.06894232780072483,-0.7829652706640108,1.731362320166204,0.30500637890322224,0.10383523360821366,0.7110388464031905,True,True,False,True,False,False,False,False,False,False,False,False,False,False,False,False,False,True,False,False,False,False,False,False,False,True,False,False,False
-0.45262535069950854,1.125382777034188,-0.16755857101766397,-0.634536359470803,-0.3180645135930359,0.8899085299667153,0.9961603346138034,0.17244752094624421,-0.06894232780072483,-0.7829652706640108,1.731362320166204,0.30500637890322224,0.10383523360821366,0.7110388464031905,True,True,False,False,True,False,False,False,False,False,False,False,False,False,False,False,False,True,False,False,False,False,False,False,False,True,False,False,False
-1.5631868622631815,-1.1838495710118913,-0.16755857101766397,-0.9475954876089222,-0.3180645135930359,-1.53305955686451,1.76600077181862,-0.7744291134891694,-0.4177107712935115,1.5122679688463527,-0.2628333160734236,-0.7469854208607316,0.45719347108983927,1.6603719658339675,True,True,False,False,True,False,False,False,False,False,False,False,False,False,False,False,False,False,False,False,True,False,False,False,False,False,False,True,False
-1.5631868622631815,-1.1838495710118913,-0.16755857101766397,-0.9475954876089222,-0.2888943605812417,-1.5815189186011345,1.76600077181862,-0.7744291134891694,-0.4177107712935115,2.9904626781328867,1.731362320166204,0.20739889232718528,0.45719347108983927,1.8058342986499736,True,True,False,False,True,False,False,False,False,False,False,False,False,False,False,False,False,False,False,False,True,False,False,False,False,False,False,True,False
-1.621637468134954,-1.366027815953693,-0.16755857101766397,-0.9475954876089222,1.577995432173586,-2.0661125359673793,2.352545866831814,-0.8088609911050026,-0.06894232780072483,0.5877243688562297,3.7255579564058316,0.825579640642086,0.44360276964823825,2.211597648084096,True,True,False,False,True,False,False,False,False,False,False,False,False,False,False,False,False,False,False,False,True,False,False,False,False,False,False,True,False
-1.621637468134954,-0.2975770280517756,-0.051177223285193287,-0.9475954876089222,1.1404431369966734,-1.2907627481813875,2.6824774827767346,-0.791645052297086,-0.06894232780072483,0.5877243688562297,3.7255579564058316,0.825579640642086,0.44360276964823825,2.211597648084096,True,True,False,False,True,False,False,False,False,False,False,False,False,False,False,False,False,False,False,False,True,False,False,False,False,False,False,True,False
-1.621637468134954,-1.366027815953693,-0.16755857101766397,-0.9475954876089222,1.6363357381971744,-2.0661125359673793,2.352545866831814,-0.8088609911050026,-0.06894232780072483,2.662572215345692,3.7255579564058316,1.7745413156868897,0.44360276964823825,2.211597648084096,True,True,False,False,True,False,False,False,False,False,False,False,False,False,False,False,False,False,False,False,True,False,False,False,False,False,False,True,False
-1.621637468134954,-0.2975770280517756,-0.051177223285193287,-0.9475954876089222,1.1987834430202617,-1.2907627481813875,2.6824774827767346,-0.791645052297086,-0.06894232780072483,2.662572215345692,3.7255579564058316,1.7745413156868897,0.44360276964823825,2.211597648084096,True,True,False,False,True,False,False,False,False,False,False,False,False,False,False,False,False,False,False,False,True,False,False,False,False,False,False,True,False
0.5702602520565061,0.24403397042385055,-0.051177223285193287,1.0142417153899577,-0.6097660437109778,0.5991523595469683,-0.873452155740751,0.00028813286707809923,0.6285945591848485,-0.46582531485344536,-0.2628333160734236,-0.19658764933474546,-0.3854300182894218,-0.9349822880937212,True,True,False,True,False,False,False,False,False,True,False,False,False,False,False,False,False,False,False,False,False,False,False,False,True,False,False,False,False
0.5702602520565061,0.24403397042385055,-0.051177223285193287,1.0142417153899577,-0.6097660437109778,0.5506929978103439,-0.9834293610557248,0.00028813286707809923,0.6285945591848485,-0.46582531485344536,-0.2628333160734236,-0.19658764933474546,-0.3854300182894218,-0.9809177616145653,True,True,False,True,False,False,False,False,False,True,False,False,False,False,False,False,False,False,False,False,False,False,False,False,True,False,False,False,False
0.5702602520565061,0.24403397042385055,-0.051177223285193287,-0.029288711737106097,-0.9598078798525079,0.7929898064934664,-0.2502479922892328,0.00028813286707809923,0.6285945591848485,-0.46582531485344536,-0.2628333160734236,-0.19658764933474546,-0.3854300182894218,-0.9349822880937212,True,True,False,False,False,True,False,False,False,True,False,False,False,False,False,False,False,False,False,False,False,False,False,False,True,False,False,False,False
0.5702602520565061,-0.34681439154955984,-0.16755857101766397,-0.029288711737106097,-0.9889780328643021,0.11455874218072326,-0.1769298554125835,-0.2579509492516711,0.6285945591848485,-0.46582531485344536,-0.2628333160734236,-0.19658764933474546,-0.3854300182894218,-0.9349822880937212,True,True,False,False,False,True,False,False,False,True,False,False,False,False,False,False,False,False,False,False,False,False,False,False,True,False,False,False,False
0.7163867667359367,1.622680148361808,-0.18048983187682738,1.431653886240783,0.5862102297725839,1.1806647003864623,-0.6901568135491281,0.4306866030649934,1.605146200964651,-0.05193079625321585,-0.2628333160734236,0.6005401577028897,1.0959564388450855,0.09856586612526981,True,True,False,True,False,False,False,False,False,False,False,False,False,False,False,False,False,False,True,False,False,False,False,False,False,True,False,False,False
0.7163867667359367,1.622680148361808,-0.18048983187682738,1.7238424058363608,0.9070819129023199,0.9868272534399644,-0.8001340188641017,0.4306866030649934,1.605146200964651,-0.05193079625321585,-0.2628333160734236,0.6005401577028897,1.0959564388450855,0.09856586612526981,True,True,False,True,False,False,False,False,False,False,False,False,False,False,False,False,False,False,True,False,False,False,False,False,False,True,False,False,False
-0.16037232134064724,1.622680148361808,-0.18048983187682738,-0.029288711737106097,0.0903176285720827,1.326042785596336,0.3362971027239607,0.4306866030649934,0.6285945591848485,-0.05193079625321585,-0.2628333160734236,0.6005401577028897,1.0959564388450855,0.09856586612526981,True,True,False,False,False,True,False,False,False,False,False,False,False,False,False,False,False,False,True,False,False,False,False,False,False,True,False,False,False
0.42413373737707544,0.9825944228906135,-0.28178470860694077,0.7888391431305118,0.06114747556028851,0.8899085299667153,-1.1300656348090232,0.17244752094624421,1.326131446170422,0.17382985025600023,-0.2628333160734236,0.43514969433793815,1.6395844965091249,-0.4373479916179107,True,True,False,True,False,False,False,False,False,False,True,False,False,False,False,False,False,False,False,False,False,False,False,False,True,False,False,False,False
-0.16037232134064724,0.9825944228906135,-0.28178470860694077,-0.6428846028878196,-0.17221374853406496,0.9868272534399644,0.1896608289706625,0.17244752094624421,0.6285945591848485,0.17382985025600023,-0.2628333160734236,0.43514969433793815,1.6395844965091249,-0.4373479916179107,True,True,False,False,False,True,False,False,False,False,True,False,False,False,False,False,False,False,False,False,False,False,False,False,True,False,False,False,False
1.0086397960947981,1.0318317863883977,-0.2063523535951542,0.6385707616242147,0.615380382784378,0.7445304447568418,-0.6168386766724787,1.291483543460824,1.326131446170422,0.2490833990924056,-0.2628333160734236,0.28602714540232616,0.688235395597056,0.15981316415306188,True,True,False,True,False,False,False,False,False,False,False,False,False,False,False,False,False,True,False,False,False,False,False,False,False,True,False,False,False
1.5931458548125208,1.0318317863883977,-0.2063523535951542,1.348171452070618,0.6737206888079664,0.7445304447568418,-1.0200884294940495,1.291483543460824,1.326131446170422,0.2490833990924056,-0.2628333160734236,0.28602714540232616,0.688235395597056,0.15981316415306188,True,True,False,True,False,False,False,False,False,False,False,False,False,False,False,False,False,True,False,False,False,False,False,False,False,True,False,False,False
1.0086397960947981,1.0318317863883977,-0.2063523535951542,0.2754221729839965,0.4111893117018187,0.9868272534399644,-0.43354333448085575,1.291483543460824,1.326131446170422,0.2490833990924056,-0.2628333160734236,0.28602714540232616,0.688235395597056,0.16746907640653588,True,True,False,False,False,True,False,False,False,False,False,False,False,False,False,False,False,True,False,False,False,False,False,False,False,True,False,False,False
2.1776519135302435,1.0318317863883977,-0.2063523535951542,2.103687481310612,0.5862102297725839,0.6476117212835928,-1.3133609770006462,1.291483543460824,1.326131446170422,-0.07343181020647453,-0.2628333160734236,0.28602714540232616,0.688235395597056,0.15215725189958787,True,True,False,True,False,False,False,False,False,False,False,False,False,False,False,False,False,True,False,False,False,False,False,False,False,True,False,False,False
1.3008928254536594,0.40651726996653825,-0.16755857101766397,-0.36321844841776646,0.03197732254849432,0.9868272534399644,-0.7634749504257773,1.205403849421241,-1.4640161017718714,-0.46582531485344536,-0.2628333160734236,0.7713532592109543,1.0687750359618835,-1.700573513441122,True,True,False,False,False,True,False,False,False,False,False,True,False,False,False,False,False,False,False,False,False,False,False,False,False,False,True,False,False
1.3008928254536594,0.40651726996653825,-0.16755857101766397,0.3672528505711781,0.2653385466428478,0.9383678917033399,-0.8367930873024265,1.205403849421241,-1.4640161017718714,-0.46582531485344536,-0.2628333160734236,0.7713532592109543,1.0687750359618835,-1.700573513441122,True,True,False,True,False,False,False,False,False,False,False,True,False,False,False,False,False,False,False,False,False,False,False,False,False,False,True,False,False
1.0086397960947981,1.130306513383966,0.02641034186978717,0.47160589328388447,0.7320609948315547,1.1322053386498379,-0.8001340188641017,2.68597458690207,-1.4640161017718714,-0.25619042880917325,-0.2628333160734236,0.8011777689980768,1.0823657374034845,-1.4708961458369019,True,True,False,True,False,False,False,False,False,False,False,True,False,False,False,False,False,False,False,False,False,False,False,False,False,False,False,False,True
1.3008928254536594,1.130306513383966,0.02641034186978717,0.47160589328388447,0.35284900567823035,1.6652583177527074,-0.8367930873024265,2.68597458690207,-1.4640161017718714,-0.46582531485344536,-0.2628333160734236,0.7713532592109543,1.0687750359618835,-1.700573513441122,True,True,False,True,False,False,False,False,False,False,False,True,False,False,False,False,False,False,False,False,False,False,False,False,False,False,True,False,False
1.885398884171382,0.40651726996653825,-0.16755857101766397,0.8264062385070862,0.32367885266643615,0.9383678917033399,-1.1667247032473478,1.205403849421241,-1.4640161017718714,-0.46582531485344536,-0.2628333160734236,0.7713532592109543,1.0687750359618835,-1.700573513441122,True,True,False,True,False,False,False,False,False,False,False,True,False,False,False,False,False,False,False,False,False,False,False,False,False,False,True,False,False
1.5931458548125208,1.130306513383966,0.02641034186978717,0.88901806413471,0.7320609948315547,1.1322053386498379,-1.1300656348090232,2.68597458690207,-1.4640161017718714,-0.25619042880917325,-0.2628333160734236,0.8011777689980768,1.0823657374034845,-1.4708961458369019,True,True,False,True,False,False,False,False,False,False,False,True,False,False,False,False,False,False,False,False,False,False,False,False,False,False,False,False,True
1.885398884171382,1.130306513383966,0.02641034186978717,0.88901806413471,0.4111893117018187,1.6652583177527074,-1.1667247032473478,2.68597458690207,-1.4640161017718714,-0.46582531485344536,-0.2628333160734236,0.7713532592109543,1.0687750359618835,-1.700573513441122,True,True,False,True,False,False,False,False,False,False,False,True,False,False,False,False,False,False,False,False,False,False,False,False,False,False,True,False,False
1.885398884171382,1.130306513383966,0.02641034186978717,0.88901806413471,0.6737206888079664,1.1322053386498379,-1.1667247032473478,2.68597458690207,-1.4640161017718714,-0.25619042880917325,-0.2628333160734236,0.7713532592109543,1.0687750359618835,-1.616358478652908,True,True,False,True,False,False,False,False,False,False,False,True,False,False,False,False,False,False,False,False,False,False,False,False,False,False,False,False,True
1.885398884171382,0.40651726996653825,-0.16755857101766397,0.8264062385070862,0.5862102297725839,0.45377427433709483,-1.1667247032473478,1.205403849421241,-1.4640161017718714,-0.25619042880917325,-0.2628333160734236,0.7713532592109543,1.0687750359618835,-1.616358478652908,True,True,False,True,False,False,False,False,False,False,False,True,False,False,False,False,False,False,False,False,False,False,False,False,False,False,False,False,True
1.885398884171382,1.130306513383966,0.02641034186978717,1.2229478008153705,0.38201915869002456,1.3745021473329604,-1.3133609770006462,2.68597458690207,-1.4640161017718714,-0.6862107078743468,-0.2628333160734236,0.7713532592109543,1.0687750359618835,-1.685261688934174,True,True,False,True,False,False,False,False,False,False,False,True,False,False,False,False,False,False,False,False,False,False,False,False,False,False,True,False,False
1.885398884171382,1.130306513383966,0.02641034186978717,1.2229478008153705,0.6445505357961722,1.0837459769132134,-1.3133609770006462,2.68597458690207,-1.4640161017718714,-0.4765758218300747,-0.2628333160734236,0.7713532592109543,1.0687750359618835,-1.6010466541459598,True,True,False,True,False,False,False,False,False,False,False,True,False,False,False,False,False,False,False,False,False,False,False,False,False,False,False,False,True
1.3008928254536594,1.130306513383966,0.02641034186978717,-0.32147723133268397,0.14865793459567106,1.7621770412259565,-0.7634749504257773,2.68597458690207,-1.4640161017718714,-0.46582531485344536,-0.2628333160734236,0.7713532592109543,1.0687750359618835,-1.700573513441122,True,True,False,False,False,True,False,False,False,False,False,True,False,False,False,False,False,False,False,False,False,False,False,False,False,False,True,False,False
1.3008928254536594,1.130306513383966,0.02641034186978717,-0.32147723133268397,0.38201915869002456,1.326042785596336,-0.7634749504257773,2.68597458690207,-1.4640161017718714,-0.25619042880917325,-0.2628333160734236,0.7713532592109543,1.0687750359618835,-1.616358478652908,True,True,False,False,False,True,False,False,False,False,False,True,False,False,False,False,False,False,False,False,False,False,False,False,False,False,False,False,True
1.3008928254536594,0.40651726996653825,-0.16755857101766397,-0.36321844841776646,0.294508699654642,0.6476117212835928,-0.7634749504257773,1.205403849421241,-1.4640161017718714,-0.25619042880917325,-0.2628333160734236,0.7713532592109543,1.0687750359618835,-1.616358478652908,True,True,False,False,False,True,False,False,False,False,False,True,False,False,False,False,False,False,False,False,False,False,False,False,False,False,False,False,True
2.1776519135302435,1.130306513383966,0.02641034186978717,1.8490660570916087,0.32367885266643615,1.3745021473329604,-1.5333153876305936,2.68597458690207,-1.4640161017718714,-0.6862107078743468,-0.2628333160734236,0.7713532592109543,1.0687750359618835,-1.700573513441122,True,True,False,True,False,False,False,False,False,False,False,True,False,False,False,False,False,False,False,False,False,False,False,False,False,False,True,False,False
1.885398884171382,1.130306513383966,0.02641034186978717,1.8490660570916087,0.7320609948315547,0.9868272534399644,-1.4966563191922693,2.68597458690207,-1.4640161017718714,-0.4765758218300747,-0.2628333160734236,0.8011777689980768,1.0823657374034845,-1.4479284090764797,True,True,False,True,False,False,False,False,False,False,False,True,False,False,False,False,False,False,False,False,False,False,False,False,False,False,False,False,True
3.0544110016068275,1.130306513383966,0.02641034186978717,3.518714740494911,0.615380382784378,0.7929898064934664,-1.6799516613838923,2.68597458690207,-1.4640161017718714,-0.9012208474069335,-0.2628333160734236,0.7849098545687373,1.0687750359618835,-1.708229425694596,True,True,False,True,False,False,False,False,False,False,False,True,False,False,False,False,False,False,False,False,False,False,False,False,False,False,True,False,False
3.492790545645119,1.130306513383966,0.02641034186978717,3.518714740494911,0.4986997707372013,0.7929898064934664,-1.7166107298222166,2.68597458690207,-1.4640161017718714,-0.6808354543860321,-3.2541267704328654,0.7849098545687373,1.0687750359618835,-1.708229425694596,True,True,False,True,False,False,False,False,False,False,False,True,False,False,False,False,False,False,False,False,False,False,False,False,False,False,True,False,False
2.1776519135302435,1.130306513383966,0.02641034186978717,2.558666747538012,0.32367885266643615,1.2775834238597115,-1.6432925929455675,2.68597458690207,-1.4640161017718714,-0.6862107078743468,-0.2628333160734236,0.7713532592109543,1.0687750359618835,-1.708229425694596,True,True,False,True,False,False,False,False,False,False,False,True,False,False,False,False,False,False,False,False,False,False,False,False,False,False,True,False,False
1.885398884171382,1.130306513383966,0.02641034186978717,2.558666747538012,0.7320609948315547,0.8899085299667153,-1.606633524507243,2.68597458690207,-1.4640161017718714,-0.4765758218300747,-0.2628333160734236,0.8011777689980768,1.0823657374034845,-1.4862079703438498,True,True,False,True,False,False,False,False,False,False,False,True,False,False,False,False,False,False,False,False,False,False,False,False,False,False,False,False,True
2.1776519135302435,1.130306513383966,0.02641034186978717,2.558666747538012,0.5862102297725839,1.0837459769132134,-1.6432925929455675,2.68597458690207,-1.4640161017718714,-0.4765758218300747,-0.2628333160734236,0.7713532592109543,1.0687750359618835,-1.631670303159856,True,True,False,True,False,False,False,False,False,False,False,True,False,False,False,False,False,False,False,False,False,False,False,False,False,False,False,False,True
2.1776519135302435,1.130306513383966,0.02641034186978717,1.8490660570916087,0.615380382784378,1.0837459769132134,-1.5333153876305936,2.68597458690207,-1.4640161017718714,-0.4765758218300747,-0.2628333160734236,0.7713532592109543,1.0687750359618835,-1.6010466541459598,True,True,False,True,False,False,False,False,False,False,False,True,False,False,False,False,False,False,False,False,False,False,False,False,False,False,False,False,True
-1.0371314094172313,-1.676223205989733,-0.3001039948240889,-1.1354309644917937,-1.134828797923273,-1.4361408333912609,0.8495240608605049,-1.2048275836870848,-0.4177107712935115,-0.39594701950535466,-0.2628333160734236,-1.451928379465443,-1.2416442091102837,-0.37610069359011866,True,True,False,False,True,False,False,False,False,False,False,False,False,False,False,True,False,False,False,False,False,False,False,False,False,True,False,False,False
-1.0371314094172313,-1.085374844016323,-0.2020419333087664,-1.0519485303216285,-1.0473183388878904,-0.7577097690785178,0.48293337647725887,-0.9465885015683356,-0.4177107712935115,-0.39594701950535466,-0.2628333160734236,-1.451928379465443,-1.2416442091102837,-0.37610069359011866,True,True,False,False,True,False,False,False,False,False,False,False,False,False,False,True,False,False,False,False,False,False,False,False,False,True,False,False,False
-1.0371314094172313,-1.676223205989733,-0.3001039948240889,-1.1354309644917937,-0.9014675738289196,-1.3876814716546364,0.7762059239838559,-1.2048275836870848,-0.7664792147862981,-0.9012208474069335,-0.2628333160734236,-2.051129894279448,-1.078555791811072,-0.8584231655589811,True,True,False,False,True,False,False,True,False,False,False,False,False,False,False,False,False,False,False,False,False,False,False,True,False,False,False,False,False
-1.621637468134954,-1.676223205989733,-0.3001039948240889,-1.177172181576876,-0.9889780328643021,-1.339222109918012,1.8759779771335938,-0.20630313282792126,-0.7664792147862981,-0.9012208474069335,-0.2628333160734236,-2.051129894279448,-1.078555791811072,-0.8584231655589811,True,True,False,False,True,False,False,True,False,False,False,False,False,False,False,False,False,False,False,False,False,False,False,True,False,False,False,False,False
-1.0371314094172313,-1.085374844016323,-0.2020419333087664,-1.0519485303216285,-0.9889780328643021,-0.7092504073418934,0.40961523960060997,-0.9465885015683356,-0.7664792147862981,-0.9012208474069335,-0.2628333160734236,-2.051129894279448,-1.078555791811072,-0.8584231655589811,True,True,False,False,True,False,False,True,False,False,False,False,False,False,False,False,False,False,False,False,False,False,False,True,False,False,False,False,False
-1.475510953455523,-1.4300363885008123,-0.16755857101766397,-1.0519485303216285,-0.14304359552227078,-1.629978280337759,2.095932387763541,-1.290907277726668,0.6285945591848485,2.45293732930142,-0.2628333160734236,-0.5219459379215353,-0.3718393168478208,1.8134902109034476,True,True,False,False,True,False,False,False,False,False,False,False,False,False,False,False,False,False,False,False,True,False,False,False,False,False,False,True,False
-1.621637468134954,-1.4300363885008123,-0.16755857101766397,-1.0519485303216285,0.20699824061925942,-1.6784376420743834,2.352545866831814,-1.290907277726668,0.6285945591848485,0.034073259559818846,1.731362320166204,0.6303646674900121,-0.3718393168478208,1.6374042290735453,True,True,False,False,True,False,False,False,False,False,False,False,False,False,False,False,False,False,False,False,True,False,False,False,False,False,False,True,False
-1.0371314094172313,-0.6914759360340492,-0.08997100586268351,-1.0310779217790873,-1.105658644911479,-0.12773806650239927,1.326091950558725,-0.6367016030258366,-0.7664792147862981,-0.2884419497390613,-0.2628333160734236,-1.2973831923867178,-0.3718393168478208,-0.735928569503397,True,True,False,False,True,False,False,False,True,False,False,False,False,False,False,False,False,False,False,False,False,False,False,True,False,False,False,False,False
-0.7448783800583699,-0.6914759360340492,-0.08997100586268351,-0.8223718363536745,-0.8722974208171254,-0.12773806650239927,0.1896608289706625,-0.6367016030258366,-0.2084497051978395,-0.2884419497390613,-0.2628333160734236,-1.2973831923867178,-0.3718393168478208,-0.735928569503397,True,True,False,False,True,False,False,False,True,False,False,False,False,False,False,False,False,False,False,False,False,False,False,True,False,False,False,False,False
-1.0371314094172313,-0.6914759360340492,-0.19342109273599079,-0.9058542705238396,-0.5514257376873893,-0.5154129603953953,0.6295696502305574,-0.8605088075287525,0.07056504959638983,0.27595966653397896,-0.2628333160734236,-0.5653270430664407,-0.31747651108141683,-0.2306383607741125,True,True,False,False,True,False,False,False,False,False,False,False,False,False,False,False,True,False,False,False,False,False,False,False,False,True,False,False,False
-0.45262535069950854,0.6379328784061241,-0.08997100586268351,-0.8223718363536745,-0.5805958906991835,0.8414491682300909,0.37295617116228547,-0.5161900313704203,0.07056504959638983,0.27595966653397896,-0.2628333160734236,-0.5653270430664407,-0.31747651108141683,-0.2306383607741125,True,True,False,False,True,False,False,False,False,False,False,False,False,False,False,False,True,False,False,False,False,False,False,False,False,True,False,False,False
1.885398884171382,1.376493330872887,-0.16755857101766397,1.6821011887512785,0.8487416068787315,0.6960710830202174,-0.873452155740751,0.017504071674994712,-0.06894232780072483,-0.6109571590379413,-1.2599311341932375,2.0998996042736797,2.6181150003043956,-0.3225093078158006,True,True,False,True,False,False,False,False,False,False,False,False,False,True,False,False,False,False,False,False,False,False,True,False,False,False,False,False,False
-0.7448783800583699,-1.085374844016323,-0.19342109273599079,-0.780630619268592,-0.40557497262841846,-0.8061691308151424,0.7762059239838559,-0.6022697254100033,-0.06894232780072483,-0.1271843450896212,-0.2628333160734236,-0.5165232997784222,-0.045662482249397174,0.1827809009134839,True,True,False,False,False,True,False,False,False,False,False,False,False,False,False,False,True,False,False,False,False,False,False,False,False,True,False,False,False
-0.7448783800583699,-0.7407132995318334,-0.16755857101766397,-0.780630619268592,-0.40557497262841846,-0.4184942369221463,0.592910581792233,-0.2579509492516711,-0.06894232780072483,-0.1271843450896212,-0.2628333160734236,-0.5165232997784222,-0.045662482249397174,0.1827809009134839,True,True,False,False,False,True,False,False,False,False,False,False,False,False,False,False,True,False,False,False,False,False,False,False,False,True,False,False,False
-0.16037232134064724,0.14555924342828216,-0.08997100586268351,0.20028798223084793,-0.5222555846755952,0.5506929978103439,-0.10361171853593457,-0.08579156117250496,-0.06894232780072483,-0.1271843450896212,-0.2628333160734236,-0.5165232997784222,-0.045662482249397174,0.1827809009134839,True,True,False,False,False,True,False,False,False,False,False,False,False,False,False,False,True,False,False,False,False,False,False,False,False,True,False,False,False
-0.16037232134064724,0.24403397042385055,-0.08997100586268351,0.7596202911709541,-0.34723466660483004,0.5506929978103439,-0.5435205397958295,0.17244752094624421,0.21007242699350448,-0.1271843450896212,-0.2628333160734236,-0.5165232997784222,-0.045662482249397174,0.052630392604425764,True,True,False,True,False,False,False,False,False,False,False,False,False,False,False,False,True,False,False,False,False,False,False,False,False,True,False,False,False
-0.7448783800583699,-0.7407132995318334,-0.16755857101766397,-0.780630619268592,-0.5222555846755952,-0.3215755134488973,0.4462743080389344,-0.2579509492516711,-0.06894232780072483,0.4909698060665657,-0.2628333160734236,-0.055599057613803196,-0.11361598945740209,0.15981316415306188,True,True,False,False,False,True,False,False,False,False,False,False,False,False,False,False,True,False,False,False,False,False,False,False,False,True,False,False,False
-0.16037232134064724,0.14555924342828216,-0.08997100586268351,0.20028798223084793,-0.6389361967227719,0.5991523595469683,-0.06695265009760977,-0.08579156117250496,-0.06894232780072483,0.4909698060665657,-0.2628333160734236,-0.055599057613803196,-0.11361598945740209,0.15981316415306188,True,True,False,False,False,True,False,False,False,False,False,False,False,False,False,False,True,False,False,False,False,False,False,False,False,True,False,False,False
-0.16037232134064724,0.14555924342828216,-0.08997100586268351,0.7596202911709541,-0.37640481961662425,0.5506929978103439,-0.06695265009760977,-0.08579156117250496,0.21007242699350448,0.4909698060665657,-0.2628333160734236,-0.055599057613803196,-0.11361598945740209,0.14450133964611386,True,True,False,True,False,False,False,False,False,False,False,False,False,False,False,False,True,False,False,False,False,False,False,False,False,True,False,False,False
-0.7448783800583699,-0.7407132995318334,-0.16755857101766397,-0.780630619268592,-0.6389361967227719,-0.22465678997564828,0.4462743080389344,-0.2579509492516711,-0.06894232780072483,0.4103410037418457,-0.2628333160734236,-0.055599057613803196,-0.11361598945740209,0.16746907640653588,True,True,False,False,False,True,False,False,False,False,False,False,False,False,False,False,True,False,False,False,False,False,False,False,False,True,False,False,False
-0.16037232134064724,0.14555924342828216,-0.08997100586268351,0.20028798223084793,-0.7264466557581545,0.7445304447568418,-0.06695265009760977,-0.08579156117250496,-0.06894232780072483,0.4103410037418457,-0.2628333160734236,-0.055599057613803196,-0.11361598945740209,0.16746907640653588,True,True,False,False,False,True,False,False,False,False,False,False,False,False,False,False,True,False,False,False,False,False,False,False,False,True,False,False,False
-0.16037232134064724,0.14555924342828216,-0.08997100586268351,0.7596202911709541,-0.493085431663801,0.6476117212835928,-0.06695265009760977,-0.08579156117250496,0.21007242699350448,0.4103410037418457,-0.2628333160734236,-0.055599057613803196,-0.11361598945740209,0.15215725189958787,True,True,False,True,False,False,False,False,False,False,False,False,False,False,False,False,True,False,False,False,False,False,False,False,False,True,False,False,False
-0.16037232134064724,0.24403397042385055,-0.08997100586268351,0.7596202911709541,-0.5805958906991835,0.7445304447568418,-0.5435205397958295,0.17244752094624421,0.21007242699350448,0.4103410037418457,-0.2628333160734236,-0.050176419470690035,-0.11361598945740209,0.052630392604425764,True,True,False,True,False,False,False,False,False,False,False,False,False,False,False,False,True,False,False,False,False,False,False,False,False,True,False,False,False
-0.16037232134064724,0.24403397042385055,-0.08997100586268351,0.7596202911709541,-0.4639152786520068,0.6476117212835928,-0.5435205397958295,0.17244752094624421,0.21007242699350448,0.4909698060665657,-0.2628333160734236,-0.050176419470690035,-0.11361598945740209,0.04497448035095176,True,True,False,True,False,False,False,False,False,False,False,False,False,False,False,False,True,False,False,False,False,False,False,False,False,True,False,False,False
-1.0371314094172313,0.342508697419419,-0.16755857101766397,-0.7388894021835094,0.0903176285720827,-0.03081934302915026,0.9961603346138034,-1.290907277726668,-0.06894232780072483,-0.14331010555456522,-0.2628333160734236,0.11250272482270489,0.28051435234902644,0.7263506709101385,True,True,False,False,True,False,False,False,False,False,False,False,False,False,False,False,False,True,False,False,False,False,False,False,False,True,False,False,False
-1.0371314094172313,-0.2975770280517756,-0.16755857101766397,-0.7388894021835094,-0.40557497262841846,-0.6123316838686443,0.9961603346138034,-1.290907277726668,-0.06894232780072483,-0.14331010555456522,-0.2628333160734236,0.11250272482270489,0.28051435234902644,0.7263506709101385,True,True,False,False,True,False,False,False,False,False,False,False,False,False,False,False,False,True,False,False,False,False,False,False,False,True,False,False,False
-0.16037232134064724,-0.5930012090384809,-0.16755857101766397,0.36307872886266984,-0.23055405455765335,-0.6607910456052688,-1.0934065663706987,-0.4301103373308372,0.7681019365819631,-0.9710991427550242,-0.2628333160734236,-1.0262512852310597,-0.8882859716286582,0.266995935701698,True,True,False,True,False,False,False,False,False,False,False,False,False,False,False,True,False,False,False,False,False,False,False,False,False,True,False,False,False
-0.16037232134064724,-0.5930012090384809,-0.16755857101766397,-0.6428846028878196,-0.6389361967227719,-0.5638723221320199,-0.06695265009760977,-0.4301103373308372,0.7681019365819631,-0.9173466078718775,-0.2628333160734236,-1.107590857377757,-0.8882859716286582,0.266995935701698,True,True,False,False,False,True,False,False,False,False,False,False,False,False,False,True,False,False,False,False,False,False,False,False,False,True,False,False,False
-0.16037232134064724,-1.3315616615052437,-0.16755857101766397,-0.6428846028878196,-0.3180645135930359,-1.3876814716546364,-0.06695265009760977,-1.0326681956079187,-1.4640161017718714,-0.9173466078718775,-0.2628333160734236,-1.107590857377757,-0.8882859716286582,0.266995935701698,True,True,False,False,False,True,False,False,False,False,False,False,False,False,False,True,False,False,False,False,False,False,False,False,False,True,False,False,False
-0.16037232134064724,-0.5930012090384809,-0.16755857101766397,-0.6428846028878196,-0.4347451256402126,-0.5638723221320199,-0.06695265009760977,-0.4301103373308372,0.7681019365819631,-0.9173466078718775,-0.2628333160734236,-1.107590857377757,-0.8882859716286582,0.266995935701698,True,True,False,False,False,True,False,False,False,False,False,False,False,False,False,True,False,False,False,False,False,False,False,False,False,True,False,False,False
-0.16037232134064724,-0.5930012090384809,-0.16755857101766397,0.36307872886266984,-0.23055405455765335,-0.6607910456052688,-0.873452155740751,-0.4301103373308372,0.7681019365819631,-0.9710991427550242,-0.2628333160734236,-1.0262512852310597,-0.8882859716286582,0.266995935701698,True,True,False,True,False,False,False,False,False,False,False,False,False,False,False,True,False,False,False,False,False,False,False,False,False,True,False,False,False
-0.16037232134064724,-1.3315616615052437,-0.16755857101766397,-0.6428846028878196,-0.3180645135930359,-1.3876814716546364,-0.06695265009760977,-1.0326681956079187,-1.4640161017718714,-0.9173466078718775,-0.2628333160734236,-1.107590857377757,-0.8882859716286582,0.266995935701698,True,True,False,False,False,True,False,False,False,False,False,False,False,False,False,True,False,False,False,False,False,False,False,False,False,True,False,False,False
-0.16037232134064724,-0.5930012090384809,-0.16755857101766397,-0.6428846028878196,-0.4347451256402126,-0.5638723221320199,-0.06695265009760977,-0.4301103373308372,0.7681019365819631,-0.9173466078718775,-0.2628333160734236,-1.107590857377757,-0.8882859716286582,0.266995935701698,True,True,False,False,False,True,False,False,False,False,False,False,False,False,False,True,False,False,False,False,False,False,False,False,False,True,False,False,False
-0.16037232134064724,-0.5930012090384809,-0.16755857101766397,0.19193973881383142,-0.40557497262841846,-0.5638723221320199,-1.1667247032473478,-0.4301103373308372,0.7681019365819631,-0.664709693921088,-0.2628333160734236,-0.7551193780754014,-0.5892905399134366,-0.34547704457622264,True,True,False,True,False,False,False,False,False,False,False,False,False,False,False,True,False,False,False,False,False,False,False,False,False,True,False,False,False
-0.16037232134064724,-0.5930012090384809,-0.16755857101766397,-0.6428846028878196,-0.7847869617817428,-0.3700348751855218,-0.3968842660425313,-0.2579509492516711,0.7681019365819631,-0.664709693921088,-0.2628333160734236,-0.7551193780754014,-0.5892905399134366,-0.34547704457622264,True,True,False,False,False,True,False,False,False,False,False,False,False,False,False,True,False,False,False,False,False,False,False,False,False,True,False,False,False
-0.16037232134064724,-1.3315616615052437,-0.16755857101766397,-0.6428846028878196,-0.5222555846755952,-1.242303386444763,-0.3602251976042065,-1.0326681956079187,-1.4640161017718714,-0.664709693921088,-0.2628333160734236,-0.7551193780754014,-0.5892905399134366,-0.34547704457622264,True,True,False,False,False,True,False,False,False,False,False,False,False,False,False,True,False,False,False,False,False,False,False,False,False,True,False,False,False
-0.16037232134064724,-0.5930012090384809,-0.16755857101766397,-0.6428846028878196,-0.5805958906991835,-0.3700348751855218,-0.3968842660425313,-0.2579509492516711,0.7681019365819631,-0.664709693921088,-0.2628333160734236,-0.7551193780754014,-0.5892905399134366,-0.34547704457622264,True,True,False,False,False,True,False,False,False,False,False,False,False,False,False,True,False,False,False,False,False,False,False,False,False,True,False,False,False
0.7163867667359367,0.9825944228906135,-0.16755857101766397,0.88901806413471,0.32367885266643615,0.5506929978103439,-1.1300656348090232,1.8079617076983223,0.7681019365819631,0.7328562130407258,-0.2628333160734236,0.04471974803379034,0.44360276964823825,0.7952538811914045,True,True,False,True,False,False,False,False,False,False,False,False,False,False,False,False,False,True,False,False,False,False,False,False,False,True,False,False,False
0.42413373737707544,0.9825944228906135,-0.16755857101766397,-0.5176609516325719,-0.1138734425104766,0.6960710830202174,-0.14027078697425904,1.8079617076983223,0.7681019365819631,0.7328562130407258,-0.2628333160734236,0.04471974803379034,0.44360276964823825,0.7952538811914045,True,True,False,False,False,True,False,False,False,False,False,False,False,False,False,False,False,True,False,False,False,False,False,False,False,True,False,False,False
0.42413373737707544,0.017542098334043528,-0.16755857101766397,-0.5176609516325719,-0.08470328949868242,-0.22465678997564828,0.0063654867790394936,-0.2579509492516711,0.7681019365819631,0.7328562130407258,-0.2628333160734236,0.04471974803379034,0.44360276964823825,0.7952538811914045,True,True,False,False,False,True,False,False,False,False,False,False,False,False,False,False,False,True,False,False,False,False,False,False,False,True,False,False,False
0.42413373737707544,0.9825944228906135,-0.16755857101766397,-0.5176609516325719,-0.1138734425104766,0.6960710830202174,-0.14027078697425904,1.8079617076983223,0.7681019365819631,0.7328562130407258,-0.2628333160734236,0.04471974803379034,0.44360276964823825,0.7952538811914045,True,True,False,False,False,True,False,False,False,False,False,False,False,False,False,False,False,True,False,False,False,False,False,False,False,True,False,False,False
0.42413373737707544,0.9825944228906135,-0.16755857101766397,0.6093519096646569,0.32367885266643615,0.5991523595469683,-0.7268158819874525,1.8079617076983223,0.7681019365819631,0.7328562130407258,-0.2628333160734236,0.04471974803379034,0.44360276964823825,0.7952538811914045,True,True,False,True,False,False,False,False,False,False,False,False,False,False,False,False,False,True,False,False,False,False,False,False,False,True,False,False,False
0.42413373737707544,0.9825944228906135,-0.16755857101766397,0.6093519096646569,0.32367885266643615,0.5991523595469683,-0.7268158819874525,1.8079617076983223,0.7681019365819631,0.7328562130407258,-0.2628333160734236,0.04471974803379034,0.44360276964823825,0.7952538811914045,True,True,False,True,False,False,False,False,False,False,False,False,False,False,False,False,False,True,False,False,False,False,False,False,False,True,False,False,False
-0.7448783800583699,-0.49452648204291244,-0.29687117960929804,-0.6721034548473773,-0.25972420756944753,-0.7092504073418934,0.0063654867790394936,-0.4301103373308372,-0.4177107712935115,-0.2830666962507466,-0.2628333160734236,0.03116315267600743,-0.3718393168478208,0.3741787072503341,True,True,False,True,False,False,False,False,False,False,False,False,False,False,False,False,True,False,False,False,False,False,False,False,False,True,False,False,False
0.45335904031296154,0.04708451643271377,4.358382729689529,-0.016766346611581332,-1.280679562982244,1.2775834238597115,-0.9101112241790754,-0.016927805940838512,-0.06894232780072483,0.5393470874613977,-0.2628333160734236,0.11250272482270489,-0.5213370327054316,-1.2259069537257334,True,True,False,True,False,False,False,False,False,True,False,False,False,False,False,False,False,False,False,False,False,False,False,False,False,False,True,False,False
0.45335904031296154,0.04708451643271377,4.358382729689529,-0.1962535800774363,-1.3390198690058324,1.4714208708062095,-0.6168386766724787,-0.016927805940838512,-0.06894232780072483,0.5393470874613977,-0.2628333160734236,0.11250272482270489,-0.5213370327054316,-1.2259069537257334,True,True,False,False,False,True,False,False,False,True,False,False,False,False,False,False,False,False,False,False,False,False,False,False,False,False,True,False,False
2.2361025194020154,0.04708451643271377,4.358382729689529,1.018415837098466,-0.6097660437109778,0.9383678917033399,-1.3500200454389708,-0.016927805940838512,-1.4640161017718714,0.5393470874613977,-0.2628333160734236,0.11250272482270489,-0.5213370327054316,-1.3024660762604736,True,True,False,True,False,False,False,False,False,True,False,False,False,False,False,False,False,False,False,False,False,False,False,False,False,False,True,False,False
0.45335904031296154,-0.6668572542851571,-0.16755857101766397,-0.32147723133268397,-1.3681900220176266,0.5022336360737193,-0.28690706072755756,-0.2579509492516711,-0.06894232780072483,0.5393470874613977,-0.2628333160734236,0.11250272482270489,-0.5213370327054316,-1.2259069537257334,True,True,False,False,False,True,False,False,False,True,False,False,False,False,False,False,False,False,False,False,False,False,False,False,False,False,True,False,False
1.885398884171382,1.0318317863883977,8.134310900565245,-0.2797360142476014,-0.37640481961662425,1.7621770412259565,-1.3500200454389708,0.2585272149858273,0.7681019365819631,1.1575012386175847,-0.2628333160734236,0.9286097653612361,1.3541797662355042,-1.3024660762604736,True,True,False,True,False,False,False,False,False,False,False,True,False,False,False,False,False,False,False,False,False,False,False,False,True,False,False,False,False
2.8206085781197383,1.0318317863883977,8.134310900565245,-0.2797360142476014,-0.14304359552227078,1.616798956016083,-1.6799516613838923,0.2585272149858273,0.7681019365819631,1.1575012386175847,-0.2628333160734236,0.9286097653612361,1.3541797662355042,-1.3024660762604736,True,True,False,True,False,False,False,False,False,False,False,True,False,False,False,False,False,False,False,False,False,False,False,False,True,False,False,False,False
1.885398884171382,1.0318317863883977,8.134310900565245,-0.2797360142476014,0.06114747556028851,0.8899085299667153,-1.0934065663706987,0.2585272149858273,1.6748998896632084,-0.3690707520637813,1.731362320166204,1.026217251937273,1.517268183534716,0.6038560748545543,True,True,False,True,False,False,False,False,False,False,False,False,False,False,False,False,False,False,False,True,False,False,False,False,False,True,False,False,False
2.2361025194020154,1.0318317863883977,8.134310900565245,-0.2797360142476014,0.4986997707372013,0.6960710830202174,-1.5333153876305936,0.2585272149858273,1.6748998896632084,-0.3690707520637813,1.731362320166204,1.026217251937273,1.517268183534716,0.6038560748545543,True,True,False,True,False,False,False,False,False,False,False,False,False,False,False,False,False,False,False,True,False,False,False,False,False,True,False,False,False
0.45335904031296154,0.04708451643271377,4.358382729689529,-0.016766346611581332,-0.9014675738289196,0.5991523595469683,-0.7634749504257773,-0.016927805940838512,0.7681019365819631,1.9369129944232115,-0.2628333160734236,0.30229505983166566,1.2862262590274993,0.1751249886600099,True,True,False,True,False,False,False,False,False,False,False,False,False,False,False,False,False,True,False,False,False,False,False,False,False,True,False,False,False
0.45335904031296154,0.04708451643271377,4.358382729689529,-0.1962535800774363,-1.2223392569586555,0.7445304447568418,-0.47020240291918053,-0.016927805940838512,0.7681019365819631,1.9369129944232115,-0.2628333160734236,0.30229505983166566,1.2862262590274993,0.1751249886600099,True,True,False,False,False,True,False,False,False,False,False,False,False,False,False,False,False,True,False,False,False,False,False,False,False,True,False,False,False
0.45335904031296154,-0.6668572542851571,-0.16755857101766397,-0.32147723133268397,-1.2223392569586555,-0.1761974282390238,-0.3602251976042065,-0.2579509492516711,0.7681019365819631,1.9369129944232115,-0.2628333160734236,0.30229505983166566,1.2862262590274993,0.1751249886600099,True,True,False,False,False,True,False,False,False,False,False,False,False,False,False,False,False,True,False,False,False,False,False,False,False,True,False,False,False
-1.621637468134954,-0.2975770280517756,-0.051177223285193287,-0.9893367046940047,1.1987834430202617,-1.2907627481813875,2.352545866831814,-0.791645052297086,-0.06894232780072483,2.662572215345692,3.7255579564058316,1.7745413156868897,0.44360276964823825,2.211597648084096,True,True,False,False,True,False,False,False,False,False,False,False,False,False,False,False,False,False,False,False,True,False,False,False,False,False,False,True,False
-1.621637468134954,-1.366027815953693,-0.16755857101766397,-0.9893367046940047,1.577995432173586,-2.0661125359673793,1.9126370455719184,-0.8088609911050026,-0.06894232780072483,0.5877243688562297,3.7255579564058316,0.825579640642086,0.44360276964823825,2.211597648084096,True,True,False,False,True,False,False,False,False,False,False,False,False,False,False,False,False,False,False,False,True,False,False,False,False,False,False,True,False
-1.621637468134954,-0.2975770280517756,-0.051177223285193287,-0.9893367046940047,1.1404431369966734,-1.2907627481813875,2.352545866831814,-0.791645052297086,-0.06894232780072483,0.5877243688562297,3.7255579564058316,0.825579640642086,0.44360276964823825,2.211597648084096,True,True,False,False,True,False,False,False,False,False,False,False,False,False,False,False,False,False,False,False,True,False,False,False,False,False,False,True,False
-1.5631868622631815,-1.1838495710118913,-0.16755857101766397,-0.9893367046940047,-0.40557497262841846,-1.53305955686451,1.76600077181862,-0.7744291134891694,-0.4177107712935115,1.5122679688463527,-0.2628333160734236,-0.7469854208607316,0.45719347108983927,1.5455332820318572,True,True,False,False,True,False,False,False,False,False,False,False,False,False,False,False,False,False,False,False,True,False,False,False,False,False,False,True,False
-1.5631868622631815,-1.1838495710118913,-0.16755857101766397,-0.9893367046940047,-0.40557497262841846,-1.5815189186011345,1.76600077181862,-0.7744291134891694,-0.4177107712935115,2.9904626781328867,1.731362320166204,0.2019762541840721,0.45719347108983927,1.6297483168200715,True,True,False,False,True,False,False,False,False,False,False,False,False,False,False,False,False,False,False,False,True,False,False,False,False,False,False,True,False
-0.7448783800583699,-0.49452648204291244,-0.29687117960929804,-0.6721034548473773,-0.25972420756944753,-0.46695359865877084,0.0063654867790394936,-0.4301103373308372,-0.4177107712935115,-0.22393890787928525,-0.2628333160734236,0.03116315267600743,-0.3718393168478208,-0.008616905423366296,True,True,False,True,False,False,False,False,False,False,False,False,False,False,False,False,True,False,False,False,False,False,False,False,False,True,False,False,False
-0.7448783800583699,-0.49452648204291244,-0.29687117960929804,-0.9684660961514634,-0.5222555846755952,-0.4184942369221463,0.22631989740898695,-0.4301103373308372,-0.4177107712935115,-0.22393890787928525,-0.2628333160734236,0.03116315267600743,-0.3718393168478208,-0.008616905423366296,True,True,False,False,True,False,False,False,False,False,False,False,False,False,False,False,True,False,False,False,False,False,False,False,False,True,False,False,False
0.42413373737707544,0.6723990328545733,-0.16755857101766397,0.01245250534797645,0.6737206888079664,0.11455874218072326,-0.3602251976042065,-0.08579156117250496,1.0471166913761925,-0.6324581729912001,-0.2628333160734236,0.19384229696940236,0.6338725898306521,0.5043292155593923,True,True,False,True,False,False,False,False,False,False,False,False,False,False,False,False,False,True,False,False,False,False,False,False,False,True,False,False,False
0.42413373737707544,0.6723990328545733,-0.16755857101766397,0.5133471103689671,0.9654222189259082,0.06609938044409876,-0.506861471357505,-0.08579156117250496,1.0471166913761925,-0.6324581729912001,-0.2628333160734236,0.19384229696940236,0.6338725898306521,0.5043292155593923,True,True,False,True,False,False,False,False,False,False,False,False,False,False,False,False,False,True,False,False,False,False,False,False,False,True,False,False,False
-0.7448783800583699,0.5886955149083399,-0.0641084841443567,0.2628998078584717,0.5570400767607896,-0.4184942369221463,-0.14027078697425904,0.34460690902541036,0.7681019365819631,4.549286189744141,1.731362320166204,0.7632193019962846,1.3269983633523024,2.4948664014626343,True,True,False,True,False,False,False,False,False,False,False,False,False,False,False,False,False,False,False,False,True,False,False,False,False,False,False,True,False
-0.7448783800583699,0.5886955149083399,-0.0641084841443567,0.2628998078584717,0.7904013008551432,-0.22465678997564828,0.37295617116228547,0.34460690902541036,-0.06894232780072483,4.549286189744141,1.731362320166204,0.7686419401393978,1.3269983633523024,2.4718986647022123,True,True,False,False,False,True,False,False,False,False,False,False,False,False,False,False,False,False,False,False,True,False,False,False,False,False,False,True,False
-0.7448783800583699,0.24403397042385055,-0.08997100586268351,0.2628998078584717,0.9070819129023199,-0.6123316838686443,-0.14027078697425904,0.17244752094624421,1.0471166913761925,3.372105675803228,0.7342645020463903,0.09081217225025223,1.3269983633523024,2.479554576955686,True,True,False,True,False,False,False,False,False,False,False,False,False,False,False,False,False,False,False,False,True,False,False,False,False,False,False,True,False
-0.7448783800583699,0.24403397042385055,-0.08997100586268351,0.2628998078584717,0.7028908418197606,-0.3215755134488973,0.2629789658473114,0.17244752094624421,0.21007242699350448,3.372105675803228,0.7342645020463903,0.09081217225025223,1.3269983633523024,2.4948664014626343,True,True,False,False,False,True,False,False,False,False,False,False,False,False,False,False,False,False,False,False,True,False,False,False,False,False,False,True,False
-1.1832579240966619,-0.7407132995318334,-0.16755857101766397,-0.780630619268592,0.4403594647136129,-1.1453846629715139,1.3994100874353739,-0.2579509492516711,-0.06894232780072483,3.372105675803228,0.7342645020463903,0.09081217225025223,1.3269983633523024,2.4948664014626343,True,True,False,False,False,True,False,False,False,False,False,False,False,False,False,False,False,False,False,False,True,False,False,False,False,False,False,True,False
-0.16037232134064724,0.24403397042385055,-0.08997100586268351,0.20028798223084793,-0.9306377268407138,0.7445304447568418,-0.3602251976042065,0.17244752094624421,-1.4640161017718714,-0.584080891596368,-0.2628333160734236,-0.9666022656568148,-1.064965090369471,-0.48328346513875475,True,True,False,False,False,True,False,False,True,False,False,False,False,False,False,False,False,False,False,False,False,False,False,True,False,False,False,False,False
0.42413373737707544,0.24403397042385055,-0.08997100586268351,0.20028798223084793,-0.9306377268407138,0.6960710830202174,-0.47020240291918053,0.17244752094624421,-1.4640161017718714,-0.584080891596368,-0.2628333160734236,-0.9666022656568148,-1.064965090369471,-0.48328346513875475,True,True,False,False,False,True,False,False,True,False,False,False,False,False,False,False,False,False,False,False,False,False,False,True,False,False,False,False,False
-0.7448783800583699,-0.7407132995318334,-0.16755857101766397,-0.780630619268592,-0.7847869617817428,-0.27311615171227277,0.2629789658473114,-0.2579509492516711,-1.4640161017718714,-0.584080891596368,-0.2628333160734236,-1.1238587718070965,-1.064965090369471,-0.2842297465484306,True,True,False,False,False,True,False,False,True,False,False,False,False,False,False,False,False,False,False,False,False,False,False,True,False,False,False,False,False
-0.7448783800583699,0.14555924342828216,-0.08997100586268351,-0.780630619268592,-0.7264466557581545,0.6960710830202174,0.07968362365568843,-0.08579156117250496,-1.4640161017718714,-0.584080891596368,-0.2628333160734236,-1.1238587718070965,-1.064965090369471,-0.2842297465484306,True,True,False,False,False,True,False,False,True,False,False,False,False,False,False,False,False,False,False,False,False,False,False,True,False,False,False,False,False
-0.7448783800583699,-1.085374844016323,-0.19342109273599079,-0.780630619268592,-0.8431272678053312,-0.6607910456052688,0.48293337647725887,-0.6022697254100033,-1.4640161017718714,-0.584080891596368,-0.2628333160734236,-1.1238587718070965,-1.064965090369471,-0.2842297465484306,True,True,False,False,False,True,False,False,True,False,False,False,False,False,False,False,False,False,False,False,False,False,False,True,False,False,False,False,False
-0.16037232134064724,0.14555924342828216,-0.08997100586268351,0.7596202911709541,-0.3180645135930359,0.25993682739059676,-0.5435205397958295,-0.08579156117250496,0.21007242699350448,0.2652091595573496,-0.2628333160734236,-0.2562366689089903,-0.4805649283806287,0.22871637443432793,True,True,False,True,False,False,False,False,False,False,False,False,False,False,False,False,True,False,False,False,False,False,False,False,False,True,False,False,False
-0.16037232134064724,0.14555924342828216,-0.08997100586268351,0.20028798223084793,-0.40557497262841846,0.5022336360737193,-0.06695265009760977,-0.08579156117250496,-0.06894232780072483,0.2652091595573496,-0.2628333160734236,-0.2562366689089903,-0.4805649283806287,0.22871637443432793,True,True,False,False,False,True,False,False,False,False,False,False,False,False,False,False,True,False,False,False,False,False,False,False,False,True,False,False,False
-0.16037232134064724,0.14555924342828216,-0.08997100586268351,0.7596202911709541,-0.23055405455765335,0.4053149126004703,-0.10361171853593457,-0.08579156117250496,0.21007242699350448,0.2652091595573496,-0.2628333160734236,-0.2562366689089903,-0.4805649283806287,0.22871637443432793,True,True,False,True,False,False,False,False,False,False,False,False,False,False,False,False,True,False,False,False,False,False,False,False,False,True,False,False,False
-0.7448783800583699,-1.085374844016323,-0.19342109273599079,-0.780630619268592,-0.5805958906991835,-1.048465939498265,0.7762059239838559,-0.6539175418337532,-0.06894232780072483,0.2652091595573496,-0.2628333160734236,-0.2562366689089903,-0.4805649283806287,0.297619584715594,True,True,False,False,False,True,False,False,False,False,False,False,False,False,False,False,True,False,False,False,False,False,False,False,False,True,False,False,False
-0.16037232134064724,0.14555924342828216,-0.08997100586268351,0.7596202911709541,-0.5514257376873893,0.3568555508638458,-0.506861471357505,-0.08579156117250496,0.21007242699350448,0.2974606804872376,-0.2628333160734236,-0.21556688283564154,-0.4805649283806287,0.10622177837874382,True,True,False,True,False,False,False,False,False,False,False,False,False,False,False,False,True,False,False,False,False,False,False,False,False,True,False,False,False
-0.16037232134064724,0.14555924342828216,-0.08997100586268351,0.20028798223084793,-0.7264466557581545,0.6476117212835928,-0.06695265009760977,-0.08579156117250496,-0.06894232780072483,0.2974606804872376,-0.2628333160734236,-0.21556688283564154,-0.4805649283806287,0.10622177837874382,True,True,False,False,False,True,False,False,False,False,False,False,False,False,False,False,True,False,False,False,False,False,False,False,False,True,False,False,False
-0.7448783800583699,-1.085374844016323,-0.08997100586268351,-0.780630619268592,-0.6097660437109778,-0.7092504073418934,0.7395468555455315,-0.6539175418337532,-0.06894232780072483,0.2974606804872376,-0.2628333160734236,-0.21556688283564154,-0.4805649283806287,0.10622177837874382,True,True,False,False,False,True,False,False,False,False,False,False,False,False,False,False,True,False,False,False,False,False,False,False,False,True,False,False,False
-0.16037232134064724,0.5886955149083399,-0.0641084841443567,0.2628998078584717,-0.5222555846755952,1.035286615176589,-0.5435205397958295,0.34460690902541036,0.21007242699350448,0.20608137118588823,-0.2628333160734236,0.7659306210678412,-0.3446579139646188,-0.4985952896457028,True,True,False,True,False,False,False,False,False,False,True,False,False,False,False,False,False,False,False,False,False,False,False,False,True,False,False,False,False
-0.16037232134064724,0.14555924342828216,-0.08997100586268351,0.2211585907733892,-0.9014675738289196,0.7929898064934664,-0.14027078697425904,0.00028813286707809923,-0.06894232780072483,0.20608137118588823,-0.2628333160734236,0.7659306210678412,-0.3446579139646188,-0.4985952896457028,True,True,False,False,False,True,False,False,False,False,True,False,False,False,False,False,False,False,False,False,False,False,False,False,True,False,False,False,False
-0.16037232134064724,0.5886955149083399,-0.0641084841443567,0.2211585907733892,-0.8722974208171254,1.2775834238597115,-0.10361171853593457,0.34460690902541036,-0.06894232780072483,0.20608137118588823,-0.2628333160734236,0.7659306210678412,-0.3446579139646188,-0.4985952896457028,True,True,False,False,False,True,False,False,False,False,True,False,False,False,False,False,False,False,False,False,False,False,False,False,True,False,False,False,False
-0.16037232134064724,0.5886955149083399,-0.0641084841443567,0.2628998078584717,-0.4639152786520068,1.035286615176589,-0.506861471357505,0.34460690902541036,0.21007242699350448,0.5984748758328591,-0.2628333160734236,0.7659306210678412,-0.3446579139646188,-0.4985952896457028,True,True,False,True,False,False,False,False,False,False,True,False,False,False,False,False,False,False,False,False,False,False,False,False,False,False,False,False,True
-0.16037232134064724,0.14555924342828216,-0.08997100586268351,0.2211585907733892,-0.493085431663801,0.7445304447568418,-0.10361171853593457,0.00028813286707809923,-0.06894232780072483,0.5984748758328591,-0.2628333160734236,0.7659306210678412,-0.3446579139646188,-0.4985952896457028,True,True,False,False,False,True,False,False,False,False,True,False,False,False,False,False,False,False,False,False,False,False,False,False,False,False,False,False,True
-0.16037232134064724,0.5886955149083399,-0.0641084841443567,0.2211585907733892,-1.105658644911479,1.229124062123087,-0.06695265009760977,0.34460690902541036,-0.06894232780072483,0.5984748758328591,-0.2628333160734236,0.7659306210678412,-0.3446579139646188,-0.4985952896457028,True,True,False,False,False,True,False,False,False,False,True,False,False,False,False,False,False,False,False,False,False,False,False,False,False,False,False,False,True
-0.16037232134064724,-0.34681439154955984,-0.16755857101766397,-0.32147723133268397,-0.34723466660483004,-0.3215755134488973,0.1530017605323377,-0.2579509492516711,0.6285945591848485,-0.4819510753183893,-0.2628333160734236,-0.6466666152131381,-0.195160198107008,-0.03924055443726233,True,True,False,False,False,True,False,False,False,False,False,False,False,False,False,False,True,False,False,False,False,False,False,False,False,True,False,False,False
-0.16037232134064724,0.24403397042385055,-0.051177223285193287,-0.32147723133268397,-0.493085431663801,0.25993682739059676,0.1530017605323377,0.00028813286707809923,0.6285945591848485,-0.4819510753183893,-0.2628333160734236,-0.6466666152131381,-0.195160198107008,-0.03924055443726233,True,True,False,False,False,True,False,False,False,False,False,False,False,False,False,False,True,False,False,False,False,False,False,False,False,True,False,False,False
-0.16037232134064724,0.24403397042385055,-0.051177223285193287,0.7220531957943798,-0.23055405455765335,0.06609938044409876,-0.7634749504257773,0.00028813286707809923,1.0471166913761925,-0.4819510753183893,-0.2628333160734236,-0.6466666152131381,-0.195160198107008,-0.03924055443726233,True,True,False,True,False,False,False,False,False,False,False,False,False,False,False,False,True,False,False,False,False,False,False,False,False,True,False,False,False
-0.16037232134064724,0.24403397042385055,-0.051177223285193287,0.7220531957943798,-0.23055405455765335,0.06609938044409876,-0.8367930873024265,0.00028813286707809923,1.0471166913761925,-0.4819510753183893,-0.2628333160734236,-0.6466666152131381,-0.195160198107008,-0.03924055443726233,True,True,False,True,False,False,False,False,False,False,False,False,False,False,False,False,True,False,False,False,False,False,False,False,False,True,False,False,False
-0.16037232134064724,0.6871702419039083,-0.16755857101766397,-0.07102992882218864,-0.813957114793537,0.8899085299667153,0.0063654867790394936,1.119324155381658,0.7681019365819631,-0.25619042880917325,-0.2628333160734236,0.8716720648585479,0.7425982013634599,-0.4220361671109627,True,True,False,False,False,True,False,False,False,False,False,True,False,False,False,False,False,False,False,False,False,False,False,False,True,False,False,False,False
-0.16037232134064724,1.376493330872887,-0.16755857101766397,0.7220531957943798,-0.493085431663801,1.326042785596336,-0.506861471357505,1.7218820136587394,1.326131446170422,-0.25619042880917325,-0.2628333160734236,0.8716720648585479,0.7425982013634599,-0.4220361671109627,True,True,False,True,False,False,False,False,False,False,False,True,False,False,False,False,False,False,False,False,False,False,False,False,True,False,False,False,False
-0.16037232134064724,1.376493330872887,-0.16755857101766397,1.5568775374960309,-0.493085431663801,1.326042785596336,-1.0567474979323739,1.7218820136587394,1.326131446170422,-0.25619042880917325,-0.2628333160734236,0.8716720648585479,0.7425982013634599,-0.4220361671109627,True,True,False,True,False,False,False,False,False,False,False,True,False,False,False,False,False,False,False,False,False,False,False,False,True,False,False,False,False
-0.16037232134064724,-0.4452891185451282,-0.16755857101766397,0.19193973881383142,-0.3180645135930359,-0.6123316838686443,-1.1667247032473478,-0.18908719402000465,0.7681019365819631,-0.9442228753134508,-0.2628333160734236,-1.2079096630253505,-0.6844254500046434,-0.2153265362671645,True,True,False,True,False,False,False,False,False,False,False,False,False,False,False,True,False,False,False,False,False,False,False,False,False,True,False,False,False
-0.16037232134064724,-1.2330869345096753,-0.16755857101766397,-0.6428846028878196,-0.4639152786520068,-1.1453846629715139,-0.43354333448085575,-0.7744291134891694,-0.06894232780072483,-0.9442228753134508,-0.2628333160734236,-1.2079096630253505,-0.6844254500046434,-0.3990684303505407,True,True,False,False,False,True,False,False,False,False,False,False,False,False,False,True,False,False,False,False,False,False,False,False,False,True,False,False,False
-0.16037232134064724,-0.4452891185451282,-0.16755857101766397,-0.6428846028878196,-0.7264466557581545,-0.27311615171227277,-0.5801796082341543,-0.20630313282792126,0.7681019365819631,-0.9442228753134508,-0.2628333160734236,-1.2079096630253505,-0.6844254500046434,-0.3990684303505407,True,True,False,False,False,True,False,False,False,False,False,False,False,False,False,True,False,False,False,False,False,False,False,False,False,True,False,False,False
-0.16037232134064724,-0.4452891185451282,-0.16755857101766397,0.19193973881383142,-0.5222555846755952,-0.5154129603953953,-1.2033837716856723,-0.20630313282792126,0.7681019365819631,-0.9442228753134508,-0.2628333160734236,-1.2079096630253505,-0.6844254500046434,-0.3990684303505407,True,True,False,True,False,False,False,False,False,False,False,False,False,False,False,True,False,False,False,False,False,False,False,False,False,True,False,False,False
-0.16037232134064724,-0.34681439154955984,-0.16755857101766397,-0.32147723133268397,-0.25972420756944753,-0.46695359865877084,0.1530017605323377,-0.2579509492516711,0.6285945591848485,-0.44969955438850134,-0.2628333160734236,-0.6466666152131381,-0.33106721252301785,0.3894905317572821,True,True,False,False,False,True,False,False,False,False,False,False,False,False,False,False,True,False,False,False,False,False,False,False,False,True,False,False,False
-0.16037232134064724,0.24403397042385055,-0.051177223285193287,-0.32147723133268397,-0.3180645135930359,0.06609938044409876,0.1530017605323377,0.00028813286707809923,0.6285945591848485,-0.44969955438850134,-0.2628333160734236,-0.6466666152131381,-0.33106721252301785,0.3894905317572821,True,True,False,False,False,True,False,False,False,False,False,False,False,False,False,False,True,False,False,False,False,False,False,False,False,True,False,False,False
-0.16037232134064724,0.24403397042385055,-0.051177223285193287,0.7220531957943798,0.0028071695367001396,-0.07927870476577477,-0.7634749504257773,0.00028813286707809923,1.0471166913761925,-0.44969955438850134,-0.2628333160734236,-0.6466666152131381,-0.33106721252301785,0.3894905317572821,True,True,False,True,False,False,False,False,False,False,False,False,False,False,False,False,True,False,False,False,False,False,False,False,False,True,False,False,False
-0.16037232134064724,0.24403397042385055,-0.051177223285193287,0.7220531957943798,0.0028071695367001396,-0.07927870476577477,-0.8367930873024265,0.00028813286707809923,1.0471166913761925,-0.44969955438850134,-0.2628333160734236,-0.6466666152131381,-0.33106721252301785,0.3894905317572821,True,True,False,True,False,False,False,False,False,False,False,False,False,False,False,False,True,False,False,False,False,False,False,False,False,True,False,False,False
-0.16037232134064724,1.2780186038773187,-0.19342109273599079,-0.029288711737106097,0.5570400767607896,0.6476117212835928,0.5562515133539084,0.2585272149858273,0.21007242699350448,-0.9872249032199683,1.731362320166204,0.9719908705061414,1.0415936330786817,1.093834459076891,True,True,False,False,False,True,False,False,False,False,False,False,False,False,False,False,False,False,False,True,False,False,False,False,False,True,False,False,False
-0.16037232134064724,1.622680148361808,-0.18048983187682738,1.1394653666452053,0.7320609948315547,0.7445304447568418,-0.3602251976042065,0.4306866030649934,1.605146200964651,-0.9872249032199683,1.731362320166204,0.9719908705061414,1.0415936330786817,1.093834459076891,True,True,False,True,False,False,False,False,False,False,False,False,False,False,False,False,False,False,False,True,False,False,False,False,False,True,False,False,False
-0.16037232134064724,1.622680148361808,-0.18048983187682738,1.7238424058363608,0.7320609948315547,0.5991523595469683,-0.7268158819874525,0.4306866030649934,1.605146200964651,-0.9872249032199683,1.731362320166204,0.9719908705061414,1.0415936330786817,1.093834459076891,True,True,False,True,False,False,False,False,False,False,False,False,False,False,False,False,False,False,False,True,False,False,False,False,False,True,False,False,False
0.42413373737707544,1.2780186038773187,-0.16755857101766397,0.9307592812197926,1.082102830973085,0.8414491682300909,-0.9101112241790754,-0.7744291134891694,1.326131446170422,0.3028359339755523,-0.2628333160734236,0.6140967530606726,0.8513238128962678,0.33589914598296405,True,True,False,True,False,False,False,False,False,False,False,False,False,False,False,False,False,False,True,False,False,False,False,False,False,True,False,False,False
0.42413373737707544,0.6625515601550163,-0.16755857101766397,0.6803119787092973,-0.1138734425104766,0.7929898064934664,-1.0200884294940495,0.9471647673024918,0.6285945591848485,0.4157162572301603,-0.2628333160734236,0.2019762541840721,0.44360276964823825,0.3741787072503341,True,True,False,True,False,False,False,False,False,False,False,False,False,False,False,False,False,True,False,False,False,False,False,False,False,True,False,False,False
0.42413373737707544,0.6625515601550163,-0.16755857101766397,-0.23799479716251884,-0.25972420756944753,0.8414491682300909,-0.06695265009760977,0.9471647673024918,0.6285945591848485,0.4157162572301603,-0.2628333160734236,0.2019762541840721,0.44360276964823825,0.3741787072503341,True,True,False,False,False,True,False,False,False,False,False,False,False,False,False,False,False,True,False,False,False,False,False,False,False,True,False,False,False
0.42413373737707544,-0.396051755047344,-0.16755857101766397,-0.23799479716251884,-0.3180645135930359,-0.22465678997564828,0.0063654867790394936,0.2585272149858273,0.6285945591848485,0.4157162572301603,-0.2628333160734236,0.2019762541840721,0.44360276964823825,0.3741787072503341,True,True,False,False,False,True,False,False,False,False,False,False,False,False,False,False,False,True,False,False,False,False,False,False,False,True,False,False,False
0.42413373737707544,0.9382807957426075,-0.16755857101766397,0.9182369160942677,0.4695296177254071,0.6960710830202174,-1.0934065663706987,1.7046660748508227,0.6285945591848485,0.8941138176901658,-0.2628333160734236,0.5761382860588804,0.674644694155455,0.5272969523198142,True,True,False,True,False,False,False,False,False,False,False,False,False,False,False,False,False,False,True,False,False,False,False,False,False,True,False,False,False
0.42413373737707544,0.9382807957426075,-0.16755857101766397,-0.2797360142476014,0.0028071695367001396,0.8414491682300909,-0.1769298554125835,1.7046660748508227,0.6285945591848485,0.8941138176901658,-0.2628333160734236,0.5761382860588804,0.674644694155455,0.5272969523198142,True,True,False,False,False,True,False,False,False,False,False,False,False,False,False,False,False,False,True,False,False,False,False,False,False,True,False,False,False
0.42413373737707544,0.08647440723094099,-0.16755857101766397,-0.2797360142476014,0.06114747556028851,0.017640018707474246,-0.1769298554125835,0.7750053792233257,0.6285945591848485,0.8941138176901658,-0.2628333160734236,0.5761382860588804,0.674644694155455,0.6038560748545543,True,True,False,False,False,True,False,False,False,False,False,False,False,False,False,False,False,False,True,False,False,False,False,False,False,True,False,False,False
0.42413373737707544,0.42621221536565224,-0.16755857101766397,1.085201784434598,0.03197732254849432,0.6476117212835928,-1.0200884294940495,0.22409533736999407,-1.4640161017718714,-0.2884419497390613,-0.2628333160734236,0.5680043288442107,0.11742593504981465,-1.1570037434444675,True,True,False,True,False,False,False,False,False,False,True,False,False,False,False,False,False,False,False,False,False,False,False,False,False,False,True,False,False
0.42413373737707544,0.42621221536565224,-0.16755857101766397,-0.23799479716251884,-0.5514257376873893,0.9868272534399644,-0.06695265009760977,0.22409533736999407,-1.4640161017718714,-0.2884419497390613,-0.2628333160734236,0.5680043288442107,0.11742593504981465,-1.1570037434444675,True,True,False,False,False,True,False,False,False,False,True,False,False,False,False,False,False,False,False,False,False,False,False,False,False,False,True,False,False
0.42413373737707544,0.42621221536565224,-0.16755857101766397,1.085201784434598,0.03197732254849432,0.5991523595469683,-1.0200884294940495,0.22409533736999407,-1.4640161017718714,-0.2884419497390613,-0.2628333160734236,0.5680043288442107,0.11742593504981465,-1.1570037434444675,True,True,False,True,False,False,False,False,False,False,True,False,False,False,False,False,False,False,False,False,False,False,False,False,False,False,True,False,False
0.42413373737707544,0.9825944228906135,-0.28178470860694077,-0.6428846028878196,-0.3180645135930359,1.0837459769132134,0.11634269209401323,0.17244752094624421,0.6285945591848485,0.24370814560409093,-0.2628333160734236,0.7496627066385017,1.517268183534716,-0.3148533955623266,True,True,False,False,False,True,False,False,False,False,True,False,False,False,False,False,False,False,False,False,False,False,False,False,True,False,False,False,False
0.42413373737707544,0.9825944228906135,-0.28178470860694077,0.7888391431305118,-0.1138734425104766,0.8414491682300909,-1.1300656348090232,0.17244752094624421,1.326131446170422,0.24370814560409093,-0.2628333160734236,0.7496627066385017,1.517268183534716,-0.3148533955623266,True,True,False,True,False,False,False,False,False,False,True,False,False,False,False,False,False,False,False,False,False,False,False,False,True,False,False,False,False
0.42413373737707544,0.9825944228906135,-0.28178470860694077,0.7888391431305118,-0.026362983475094044,0.8414491682300909,-1.1300656348090232,0.17244752094624421,1.326131446170422,0.24370814560409093,-0.2628333160734236,0.7496627066385017,1.517268183534716,-0.4067243426040147,True,True,False,True,False,False,False,False,False,False,True,False,False,False,False,False,False,False,False,False,False,False,False,False,True,False,False,False,False
0.7163867667359367,0.9825944228906135,-0.16755857101766397,-0.23799479716251884,-0.2888943605812417,0.7929898064934664,-0.323566129165882,2.3244398719358212,1.326131446170422,0.24370814560409093,-0.2628333160734236,0.2941611026169959,0.5795097840642481,0.3741787072503341,True,True,False,False,False,True,False,False,False,False,False,False,False,False,False,False,False,True,False,False,False,False,False,False,False,True,False,False,False
0.7163867667359367,0.9825944228906135,-0.16755857101766397,0.88901806413471,0.294508699654642,0.5506929978103439,-1.1300656348090232,2.3244398719358212,1.326131446170422,0.24370814560409093,-0.2628333160734236,0.2941611026169959,0.5795097840642481,0.3741787072503341,True,True,False,True,False,False,False,False,False,False,False,False,False,False,False,False,False,True,False,False,False,False,False,False,False,True,False,False,False
0.7163867667359367,-0.14986493755842303,-0.16755857101766397,-0.23799479716251884,-0.4347451256402126,-0.27311615171227277,-0.323566129165882,1.9801210957774886,1.326131446170422,0.24370814560409093,-0.2628333160734236,0.2941611026169959,0.5795097840642481,0.3741787072503341,True,True,False,False,False,True,False,False,False,False,False,False,False,False,False,False,False,True,False,False,False,False,False,False,False,True,False,False,False
0.13188070801821408,-1.2330869345096753,-0.16755857101766397,-0.6428846028878196,-0.4347451256402126,-1.242303386444763,-0.3602251976042065,-0.9465885015683356,0.7681019365819631,-0.7077117218276054,-0.2628333160734236,-0.6683571677855907,-0.6980161514462444,-0.26891792204148257,True,True,False,False,False,True,False,False,False,False,False,False,False,False,False,True,False,False,False,False,False,False,False,False,False,True,False,False,False
0.13188070801821408,-0.4452891185451282,-0.16755857101766397,-0.6428846028878196,-0.493085431663801,-0.3215755134488973,-0.47020240291918053,-0.18908719402000465,0.7681019365819631,-0.7077117218276054,-0.2628333160734236,-0.6683571677855907,-0.6980161514462444,-0.26891792204148257,True,True,False,False,False,True,False,False,False,False,False,False,False,False,False,True,False,False,False,False,False,False,False,False,False,True,False,False,False
0.13188070801821408,-0.4452891185451282,-0.16755857101766397,0.19193973881383142,-0.2888943605812417,-0.4184942369221463,-1.1300656348090232,-0.18908719402000465,0.7681019365819631,-0.7077117218276054,-0.2628333160734236,-0.6683571677855907,-0.6980161514462444,-0.26891792204148257,True,True,False,True,False,False,False,False,False,False,False,False,False,False,False,True,False,False,False,False,False,False,False,False,False,True,False,False,False
-1.0371314094172313,-1.617138369792392,-0.27962949846374685,-1.2397840072045,-1.105658644911479,-1.3876814716546364,0.4462743080389344,-1.0326681956079187,-1.4640161017718714,-0.4819510753183893,-0.2628333160734236,-1.8315130494833645,-0.032071780807796185,-0.33782113232274863,True,True,False,False,False,True,False,True,False,False,False,False,False,False,False,False,False,False,False,False,False,False,False,True,False,False,False,False,False
