top_speed_kmh,battery_capacity_kwh,number_of_cells,torque_nm,efficiency_wh_per_km,range_km,acceleration_0_100_s,fast_charging_power_kw_dc,towing_capacity_kg,cargo_volume_l,seats,length_mm,width_mm,height_mm,battery_type_Lithium-ion,fast_charge_port_CCS,fast_charge_port_CHAdeMO,drivetrain_AWD,drivetrain_FWD,drivetrain_RWD,segment_A - Mini,segment_B - Compact,segment_C - Medium,segment_D - Large,segment_E - Executive,segment_F - Luxury,segment_G - Sports,segment_I - Luxury,segment_JA - Mini,segment_JB - Compact,segment_JC - Medium,segment_JD - Large,segment_JE - Executive,segment_JF - Luxury,segment_N - Passenger Van,car_body_type_Cabriolet,car_body_type_Coupe,car_body_type_Hatchback,car_body_type_Liftback Sedan,car_body_type_SUV,car_body_type_Sedan,car_body_type_Small Passenger Van,car_body_type_Station/Estate
0.15000000000000002,0.17063081695966903,0.015290519877675844,0.09862570735650768,0.1800766283524904,0.16363636363636366,0.2840236686390532,0.1507936507936508,0.0,0.02700555996822876,0.2857142857142857,0.023164335664335844,0.15531914893617005,0.28767123287671215,True,True,False,False,True,False,False,True,False,False,False,False,False,False,False,False,False,False,False,False,False,False,False,True,False,False,False,False,False
0.15000000000000002,0.17063081695966903,0.015290519877675844,0.09862570735650768,0.15325670498084287,0.16363636363636366,0.2840236686390532,0.1507936507936508,0.0,0.02700555996822876,0.2857142857142857,0.023164335664335844,0.15531914893617005,0.28767123287671215,True,True,False,False,True,False,False,True,False,False,False,False,False,False,False,False,False,False,False,False,False,False,False,True,False,False,False,False,False
0.375,0.3050672182006204,0.003822629969418961,0.18755052546483425,0.1877394636015326,0.26363636363636356,0.2189349112426035,0.19841269841269843,0.0,0.1660047656870532,0.4285714285714285,0.24781468531468542,0.35957446808510607,0.3470319634703194,True,True,False,False,True,False,False,False,False,False,False,False,False,False,False,True,False,False,False,False,False,False,False,False,False,True,False,False,False
0.375,0.3050672182006204,0.003822629969418961,0.18755052546483425,0.1877394636015326,0.26363636363636356,0.2366863905325443,0.19841269841269843,0.0,0.1660047656870532,0.4285714285714285,0.24781468531468542,0.35957446808510607,0.3470319634703194,True,True,False,False,True,False,False,False,False,False,False,False,False,False,False,True,False,False,False,False,False,False,False,False,False,True,False,False,False
0.125,0.4002068252326783,0.01834862385321101,0.1592562651576394,0.1800766283524904,0.32727272727272727,0.31360946745562124,0.19444444444444448,0.4,0.27402700555996823,0.4285714285714285,0.46328671328671334,0.5425531914893615,0.5646879756468799,True,True,False,False,True,False,False,False,False,False,False,False,False,False,False,False,True,False,False,False,False,False,False,False,False,True,False,False,False
0.17500000000000004,0.4002068252326783,0.01834862385321101,0.16329830234438153,0.15708812260536398,0.3909090909090909,0.2840236686390532,0.19444444444444448,0.4,0.2549642573471009,0.4285714285714285,0.5179195804195804,0.5744680851063828,0.4748858447488584,True,True,False,False,True,False,False,False,False,False,False,False,False,False,False,False,True,False,False,False,False,False,False,False,False,True,False,False,False
0.125,0.3050672182006204,0.003822629969418961,0.11883589329021828,0.07279693486590039,0.3363636363636363,0.4023668639053254,0.2222222222222222,0.0,0.19777601270849882,0.4285714285714285,0.2416958041958044,0.36382978723404236,0.30898021308980184,True,True,False,False,True,False,False,False,False,False,False,False,False,False,False,True,False,False,False,False,False,False,False,False,False,True,False,False,False
0.375,0.3050672182006204,0.003822629969418961,0.18755052546483425,0.210727969348659,0.3181818181818181,0.2248520710059171,0.2222222222222222,0.0,0.19777601270849882,0.4285714285714285,0.2416958041958044,0.36382978723404236,0.2678843226788432,True,True,False,False,True,False,False,False,False,False,False,False,False,False,False,True,False,False,False,False,False,False,False,False,False,True,False,False,False
0.17500000000000004,0.3174767321613237,0.014271151885830786,0.13904607922392886,0.11111111111111116,0.3181818181818181,0.30769230769230765,0.16269841269841273,0.2,0.13899920571882446,0.4285714285714285,0.1647727272727273,0.45319148936170217,0.27853881278538806,True,True,False,False,True,False,False,True,False,False,False,False,False,False,False,False,False,False,False,False,False,False,False,True,False,False,False,False,False
0.22499999999999998,0.3174767321613237,0.014271151885830786,0.15117219078415522,0.13409961685823757,0.3090909090909091,0.24852071005917153,0.16269841269841273,0.2,0.13899920571882446,0.4285714285714285,0.1647727272727273,0.45319148936170217,0.27853881278538806,True,True,False,False,True,False,False,True,False,False,False,False,False,False,False,False,False,False,False,False,False,False,False,True,False,False,False,False,False
0.42500000000000004,0.5635987590486038,0.009938837920489298,0.26030719482619236,0.14176245210727967,0.6,0.2248520710059171,0.4801587301587302,0.8400000000000001,0.27879269261318507,0.4285714285714285,0.5716783216783217,0.6659574468085108,0.1917808219178081,True,True,False,False,False,True,False,False,False,False,False,False,False,False,False,False,False,False,True,False,False,False,False,False,False,False,False,False,True
0.42500000000000004,0.7611168562564634,0.013761467889908258,0.3654001616814874,0.16091954022988508,0.7999999999999999,0.18934911242603547,0.6785714285714285,0.8400000000000001,0.27879269261318507,0.4285714285714285,0.5716783216783217,0.6659574468085108,0.1917808219178081,True,True,False,False,False,True,False,False,False,False,False,False,False,False,False,False,False,False,True,False,False,False,False,False,False,False,False,False,True
0.42500000000000004,0.7611168562564634,0.013761467889908258,0.5998383185125302,0.1839080459770115,0.7727272727272726,0.136094674556213,0.6785714285714285,0.8400000000000001,0.27879269261318507,0.4285714285714285,0.5716783216783217,0.6659574468085108,0.1917808219178081,True,True,False,True,False,False,False,False,False,False,False,False,False,False,False,False,False,False,True,False,False,False,False,False,False,False,False,False,True
0.42500000000000004,0.5635987590486038,0.009938837920489298,0.26030719482619236,0.10344827586206895,0.6545454545454545,0.2248520710059171,0.4801587301587302,0.8400000000000001,0.27879269261318507,0.4285714285714285,0.5716783216783217,0.6659574468085108,0.1917808219178081,True,True,False,False,False,True,False,False,False,False,False,False,False,False,False,False,False,False,True,False,False,False,False,False,True,False,False,False,False
0.42500000000000004,0.7611168562564634,0.013761467889908258,0.3654001616814874,0.12260536398467436,0.8636363636363636,0.18934911242603547,0.6785714285714285,0.8400000000000001,0.27879269261318507,0.4285714285714285,0.5716783216783217,0.6659574468085108,0.1917808219178081,True,True,False,False,False,True,False,False,False,False,False,False,False,False,False,False,False,False,True,False,False,False,False,False,True,False,False,False,False
0.42500000000000004,0.7611168562564634,0.013761467889908258,0.5998383185125302,0.14559386973180077,0.8272727272727273,0.14792899408284022,0.6785714285714285,0.8400000000000001,0.27879269261318507,0.4285714285714285,0.5716783216783217,0.6659574468085108,0.1917808219178081,True,True,False,True,False,False,False,False,False,False,False,False,False,False,False,False,False,False,True,False,False,False,False,False,True,False,False,False,False
0.17500000000000004,0.38986556359875907,0.01834862385321101,0.1592562651576394,0.1800766283524904,0.3727272727272727,0.34911242603550285,0.32142857142857145,0.4,0.2930897537728356,0.4285714285714285,0.42307692307692335,0.5425531914893615,0.43378995433789935,True,True,False,False,False,True,False,False,False,False,False,False,False,False,False,False,True,False,False,False,False,False,False,False,False,True,False,False,False
0.275,0.576008273009307,0.027522935779816515,0.349232012934519,0.2030651340996169,0.5454545454545454,0.2662721893491124,0.3611111111111111,0.4,0.30500397140587765,0.4285714285714285,0.42307692307692335,0.5425531914893615,0.43378995433789935,True,True,False,False,False,True,False,False,False,False,False,False,False,False,False,False,True,False,False,False,False,False,False,False,False,True,False,False,False
0.275,0.576008273009307,0.027522935779816515,0.4575586095392077,0.2145593869731801,0.5,0.2603550295857987,0.3611111111111111,0.48000000000000004,0.30500397140587765,0.4285714285714285,0.42307692307692335,0.5425531914893615,0.43378995433789935,True,True,False,True,False,False,False,False,False,False,False,False,False,False,False,False,True,False,False,False,False,False,False,False,False,True,False,False,False
0.275,0.576008273009307,0.027522935779816515,0.4575586095392077,0.2145593869731801,0.509090909090909,0.18934911242603547,0.3611111111111111,0.48000000000000004,0.30500397140587765,0.4285714285714285,0.42307692307692335,0.5425531914893615,0.43378995433789935,True,True,False,True,False,False,False,False,False,False,False,False,False,False,False,False,True,False,False,False,False,False,False,False,False,True,False,False,False
0.17500000000000004,0.38986556359875907,0.01834862385321101,0.1592562651576394,0.1915708812260536,0.34545454545454546,0.34911242603550285,0.32142857142857145,0.4,0.2930897537728356,0.4285714285714285,0.42307692307692335,0.5425531914893615,0.46118721461187207,True,True,False,False,False,True,False,False,False,False,False,False,False,False,False,False,True,False,False,False,False,False,False,False,False,True,False,False,False
0.275,0.576008273009307,0.027522935779816515,0.349232012934519,0.2298850574712643,0.5181818181818182,0.2662721893491124,0.3611111111111111,0.4,0.2930897537728356,0.4285714285714285,0.42307692307692335,0.5425531914893615,0.46118721461187207,True,True,False,False,False,True,False,False,False,False,False,False,False,False,False,False,True,False,False,False,False,False,False,False,False,True,False,False,False
0.275,0.576008273009307,0.027522935779816515,0.4575586095392077,0.23754789272030652,0.47272727272727266,0.2603550295857987,0.3611111111111111,0.48000000000000004,0.2930897537728356,0.4285714285714285,0.42307692307692335,0.5425531914893615,0.46118721461187207,True,True,False,True,False,False,False,False,False,False,False,False,False,False,False,False,True,False,False,False,False,False,False,False,False,True,False,False,False
0.275,0.576008273009307,0.027522935779816515,0.4575586095392077,0.23754789272030652,0.47272727272727266,0.18934911242603547,0.3611111111111111,0.48000000000000004,0.2930897537728356,0.4285714285714285,0.42307692307692335,0.5425531914893615,0.46118721461187207,True,True,False,True,False,False,False,False,False,False,False,False,False,False,False,False,True,False,False,False,False,False,False,False,False,True,False,False,False
0.42500000000000004,0.5635987590486038,0.009938837920489298,0.2724333063864187,0.2183908045977011,0.47272727272727266,0.2840236686390532,0.4801587301587302,0.8,0.2978554408260524,0.4285714285714285,0.5030594405594409,0.7000000000000002,0.541856925418569,True,True,False,False,False,True,False,False,False,False,False,False,False,False,False,False,False,True,False,False,False,False,False,False,False,True,False,False,False
0.42500000000000004,0.5635987590486038,0.009938837920489298,0.2724333063864187,0.11494252873563215,0.5,0.2840236686390532,0.4801587301587302,0.8,0.2859412231930103,0.4285714285714285,0.5030594405594409,0.7000000000000002,0.5114155251141552,True,True,False,False,False,True,False,False,False,False,False,False,False,False,False,False,False,True,False,False,False,False,False,False,False,True,False,False,False
0.42500000000000004,0.7611168562564634,0.013761467889908258,0.30072756669361356,0.13793103448275867,0.6818181818181818,0.2603550295857987,0.6388888888888888,0.8,0.2859412231930103,0.4285714285714285,0.5030594405594409,0.7000000000000002,0.5114155251141552,True,True,False,False,False,True,False,False,False,False,False,False,False,False,False,False,False,True,False,False,False,False,False,False,False,True,False,False,False
0.42500000000000004,0.7611168562564634,0.013761467889908258,0.5998383185125302,0.15325670498084287,0.6636363636363636,0.2189349112426035,0.6785714285714285,0.9600000000000001,0.2859412231930103,0.4285714285714285,0.5030594405594409,0.7000000000000002,0.5114155251141552,True,True,False,True,False,False,False,False,False,False,False,False,False,False,False,False,False,True,False,False,False,False,False,False,False,True,False,False,False
0.42500000000000004,0.7611168562564634,0.013761467889908258,0.30072756669361356,0.23754789272030652,0.6454545454545454,0.2603550295857987,0.6388888888888888,0.8,0.2978554408260524,0.4285714285714285,0.5030594405594409,0.7000000000000002,0.541856925418569,True,True,False,False,False,True,False,False,False,False,False,False,False,False,False,False,False,True,False,False,False,False,False,False,False,True,False,False,False
0.42500000000000004,0.7611168562564634,0.013761467889908258,0.5998383185125302,0.2567049808429118,0.6272727272727272,0.2189349112426035,0.6785714285714285,0.9600000000000001,0.2533756949960286,0.4285714285714285,0.5030594405594409,0.7000000000000002,0.541856925418569,True,True,False,True,False,False,False,False,False,False,False,False,False,False,False,False,False,True,False,False,False,False,False,False,False,True,False,False,False
0.575,0.7611168562564634,0.013761467889908258,0.5998383185125302,0.1800766283524904,0.7181818181818181,0.10059171597633132,0.6785714285714285,0.8400000000000001,0.27879269261318507,0.4285714285714285,0.5716783216783217,0.6659574468085108,0.2496194824961946,True,True,False,True,False,False,False,False,False,False,False,False,False,False,False,False,False,False,True,False,False,False,False,False,False,False,False,False,True
0.575,0.7611168562564634,0.013761467889908258,0.5998383185125302,0.15325670498084287,0.7636363636363636,0.10059171597633132,0.6785714285714285,0.8400000000000001,0.27879269261318507,0.4285714285714285,0.5716783216783217,0.6659574468085108,0.2070015220700152,True,True,False,True,False,False,False,False,False,False,False,False,False,False,False,False,False,False,True,False,False,False,False,False,True,False,False,False,False
0.5250000000000001,0.7611168562564634,0.013761467889908258,0.5998383185125302,0.2298850574712643,0.609090909090909,0.12426035502958577,0.6785714285714285,0.9600000000000001,0.28832406671961874,0.4285714285714285,0.5030594405594409,0.7553191489361701,0.541856925418569,True,True,False,True,False,False,False,False,False,False,False,False,False,False,False,False,False,True,False,False,False,False,False,False,False,True,False,False,False
0.5250000000000001,0.7611168562564634,0.013761467889908258,0.5998383185125302,0.210727969348659,0.6545454545454545,0.12426035502958577,0.6785714285714285,0.9600000000000001,0.2859412231930103,0.4285714285714285,0.5030594405594409,0.7553191489361701,0.5114155251141552,True,True,False,True,False,False,False,False,False,False,False,False,False,False,False,False,False,True,False,False,False,False,False,False,False,True,False,False,False
0.625,0.7828335056876938,0.04128440366972477,0.6079223928860145,0.28735632183908044,0.7090909090909091,0.035502958579881616,1.0,0.0,0.1580619539316918,0.2857142857142857,0.6018356643356646,0.7531914893617024,0.09132420091324178,True,True,False,True,False,False,False,False,False,False,False,True,False,False,False,False,False,False,False,False,False,False,False,False,False,False,True,False,False
0.625,0.7828335056876938,0.04128440366972477,0.7388843977364591,0.27969348659003834,0.7090909090909091,0.017751479289940808,1.0,0.0,0.1580619539316918,0.2857142857142857,0.6018356643356646,0.7531914893617024,0.09132420091324178,True,True,False,True,False,False,False,False,False,False,False,True,False,False,False,False,False,False,False,False,False,False,False,False,False,False,True,False,False
0.6000000000000001,0.7828335056876938,0.04128440366972477,0.5068714632174616,0.24137931034482762,0.7363636363636363,0.07100591715976329,1.0,0.0,0.2017474185861795,0.2857142857142857,0.604895104895105,0.7531914893617024,0.09893455098934556,True,True,False,True,False,False,False,False,False,False,False,True,False,False,False,False,False,False,False,False,False,False,False,False,False,False,True,False,False
0.6000000000000001,0.7828335056876938,0.04128440366972477,0.4139046079223928,0.2298850574712643,0.7363636363636363,0.10650887573964493,1.0,0.0,0.2017474185861795,0.2857142857142857,0.604895104895105,0.7531914893617024,0.09893455098934556,True,True,False,True,False,False,False,False,False,False,False,True,False,False,False,False,False,False,False,False,False,False,False,False,False,False,True,False,False
0.5,0.6204756980351602,0.01834862385321101,0.5513338722716249,0.33716475095785436,0.5727272727272728,0.10059171597633132,0.4047619047619047,0.64,0.2533756949960286,0.4285714285714285,0.5083041958041958,0.5148936170212766,0.18112633181126325,True,True,False,True,False,False,False,False,False,True,False,False,False,False,False,False,False,False,False,False,False,False,False,False,True,False,False,False,False
0.32500000000000007,0.4736297828335056,0.01834862385321101,0.23201293451899757,0.24904214559386972,0.5363636363636364,0.2248520710059171,0.2619047619047619,0.64,0.2533756949960286,0.4285714285714285,0.5083041958041958,0.5148936170212766,0.18112633181126325,True,True,False,False,False,True,False,False,False,True,False,False,False,False,False,False,False,False,False,False,False,False,False,False,True,False,False,False,False
0.32500000000000007,0.6204756980351602,0.01834862385321101,0.25626515763945024,0.24904214559386972,0.6909090909090909,0.20118343195266264,0.4047619047619047,0.64,0.2533756949960286,0.4285714285714285,0.5083041958041958,0.5148936170212766,0.18112633181126325,True,True,False,False,False,True,False,False,False,True,False,False,False,False,False,False,False,False,False,False,False,False,False,False,True,False,False,False,False
0.375,0.6204756980351602,0.01834862385321101,0.39369442198868226,0.28352490421455934,0.6454545454545454,0.1715976331360946,0.4047619047619047,0.64,0.2533756949960286,0.4285714285714285,0.5083041958041958,0.5148936170212766,0.18112633181126325,True,True,False,True,False,False,False,False,False,True,False,False,False,False,False,False,False,False,False,False,False,False,False,False,True,False,False,False,False
0.5250000000000001,0.6194415718717683,0.01834862385321101,0.5513338722716249,0.24137931034482762,0.5363636363636364,0.09467455621301771,0.4246031746031746,0.8,0.2692613185067514,0.4285714285714285,0.6293706293706296,0.6170212765957448,0.2678843226788432,True,True,False,True,False,False,False,False,False,False,True,False,False,False,False,False,False,False,False,False,False,False,False,False,False,False,True,False,False
0.5250000000000001,0.6194415718717683,0.01834862385321101,0.5513338722716249,0.26819923371647514,0.5272727272727272,0.10059171597633132,0.4246031746031746,0.8,0.33280381254964253,0.4285714285714285,0.6293706293706296,0.6170212765957448,0.2678843226788432,True,True,False,True,False,False,False,False,False,False,True,False,False,False,False,False,False,False,False,False,False,False,False,False,False,False,False,False,True
0.33999999999999997,0.6194415718717683,0.01834862385321101,0.23201293451899757,0.1915708812260536,0.6272727272727272,0.2248520710059171,0.4246031746031746,0.6,0.2692613185067514,0.4285714285714285,0.6293706293706296,0.6170212765957448,0.2831050228310503,True,True,False,False,False,True,False,False,False,False,True,False,False,False,False,False,False,False,False,False,False,False,False,False,False,False,True,False,False
0.33999999999999997,0.6194415718717683,0.01834862385321101,0.23201293451899757,0.2145593869731801,0.6,0.23076923076923067,0.4246031746031746,0.6,0.33280381254964253,0.4285714285714285,0.6293706293706296,0.6170212765957448,0.2831050228310503,True,True,False,False,False,True,False,False,False,False,True,False,False,False,False,False,False,False,False,False,False,False,False,False,False,False,False,False,True
0.44999999999999996,0.6194415718717683,0.01834862385321101,0.385610347615198,0.2222222222222222,0.6,0.18934911242603547,0.4246031746031746,0.8,0.2692613185067514,0.4285714285714285,0.6293706293706296,0.6170212765957448,0.2831050228310503,True,True,False,True,False,False,False,False,False,False,True,False,False,False,False,False,False,False,False,False,False,False,False,False,False,False,True,False,False
0.44999999999999996,0.6194415718717683,0.01834862385321101,0.385610347615198,0.24904214559386972,0.5727272727272728,0.19526627218934905,0.4246031746031746,0.8,0.33280381254964253,0.4285714285714285,0.6293706293706296,0.6170212765957448,0.2831050228310503,True,True,False,True,False,False,False,False,False,False,True,False,False,False,False,False,False,False,False,False,False,False,False,False,False,False,False,False,True
0.625,0.8314374353671148,0.01834862385321101,0.797898140662894,0.3793103448275862,0.6454545454545454,0.08875739644970412,0.5158730158730158,0.0,0.27720413026211277,0.4285714285714285,0.7740384615384617,0.7234042553191484,0.32724505327245046,True,True,False,True,False,False,False,False,False,False,False,True,False,False,False,False,False,False,False,False,False,False,False,False,False,False,True,False,False
0.3999999999999999,0.8314374353671148,0.01834862385321101,0.4341147938561034,0.26053639846743293,0.7,0.19526627218934905,0.5158730158730158,0.0,0.27720413026211277,0.4285714285714285,0.7740384615384617,0.7234042553191484,0.32724505327245046,True,True,False,False,False,True,False,False,False,False,False,True,False,False,False,False,False,False,False,False,False,False,False,False,False,False,True,False,False
0.575,0.8314374353671148,0.01834862385321101,0.5109135004042037,0.24137931034482762,0.6818181818181818,0.14792899408284022,0.5158730158730158,0.8,0.27720413026211277,0.4285714285714285,0.7740384615384617,0.7234042553191484,0.32724505327245046,True,True,False,True,False,False,False,False,False,False,False,True,False,False,False,False,False,False,False,False,False,False,False,False,False,False,True,False,False
0.625,0.9058945191313339,0.01834862385321101,0.7291835084882781,0.3831417624521073,0.6636363636363636,0.09467455621301771,0.4801587301587302,1.0,0.27720413026211277,0.4285714285714285,0.5878496503496504,0.7659574468085104,0.5570776255707761,True,True,False,True,False,False,False,False,False,False,False,False,False,False,False,False,False,False,True,False,False,False,False,False,False,True,False,False,False
0.375,0.7600827300930713,0.01834862385321101,0.4745351657235246,0.32183908045977005,0.609090909090909,0.1715976331360946,0.3412698412698413,1.0,0.27720413026211277,0.4285714285714285,0.5878496503496504,0.7659574468085104,0.5570776255707761,True,True,False,True,False,False,False,False,False,False,False,False,False,False,False,False,False,False,True,False,False,False,False,False,False,True,False,False,False
0.375,0.9079627714581178,0.01834862385321101,0.5270816491511722,0.32567049808429116,0.7090909090909091,0.14201183431952658,0.4801587301587302,1.0,0.27720413026211277,0.4285714285714285,0.5878496503496504,0.7659574468085104,0.5570776255707761,True,True,False,True,False,False,False,False,False,False,False,False,False,False,False,False,False,False,True,False,False,False,False,False,False,True,False,False,False
0.22499999999999998,0.44881075491209926,0.01834862385321101,0.10832659660468875,0.15708812260536398,0.4636363636363636,0.36094674556213013,0.25793650793650796,0.3,0.2692613185067514,0.4285714285714285,0.3846153846153848,0.5,0.43683409436834086,True,True,False,False,True,False,False,False,False,False,False,False,False,False,False,False,True,False,False,False,False,False,False,False,False,True,False,False,False
0.275,0.44881075491209926,0.01834862385321101,0.30800323362974935,0.1762452107279694,0.44545454545454544,0.20118343195266264,0.25793650793650796,0.48000000000000004,0.2692613185067514,0.4285714285714285,0.3846153846153848,0.5,0.43683409436834086,True,True,False,True,False,False,False,False,False,False,False,False,False,False,False,False,True,False,False,False,False,False,False,False,False,True,False,False,False
0.22499999999999998,0.44881075491209926,0.01834862385321101,0.10832659660468875,0.14559386973180077,0.47272727272727266,0.37869822485207094,0.25793650793650796,0.3,0.29706115965051627,0.4285714285714285,0.40821678321678334,0.5,0.35159817351598166,True,True,False,False,True,False,False,False,False,False,False,False,False,False,False,False,True,False,False,False,False,False,False,False,False,True,False,False,False
0.275,0.44881075491209926,0.01834862385321101,0.30800323362974935,0.1762452107279694,0.4545454545454545,0.20118343195266264,0.25793650793650796,0.48000000000000004,0.29706115965051627,0.4285714285714285,0.40821678321678334,0.5,0.35159817351598166,True,True,False,True,False,False,False,False,False,False,False,False,False,False,False,False,True,False,False,False,False,False,False,False,False,True,False,False,False
0.17500000000000004,0.24612202688728024,0.01834862385321101,0.14308811641067098,0.13793103448275867,0.19999999999999998,0.3372781065088757,0.08730158730158731,0.3,0.19777601270849882,0.4285714285714285,0.3015734265734267,0.46808510638297873,0.5266362252663623,True,True,False,False,True,False,False,False,False,False,False,False,False,False,False,True,False,False,False,False,False,False,False,False,False,True,False,False,False
0.17500000000000004,0.405377456049638,0.006880733944954129,0.1592562651576394,0.13409961685823757,0.3727272727272727,0.301775147928994,0.18253968253968256,0.3,0.2295472597299444,0.4285714285714285,0.3649475524475525,0.5638297872340425,0.4353120243531201,True,True,False,False,True,False,False,False,False,False,False,False,False,False,False,False,True,False,False,False,False,False,False,False,False,True,False,False,False
0.125,0.24405377456049637,0.0040774719673802255,0.054163298302344384,0.08812260536398464,0.23636363636363636,0.5976331360946745,0.08333333333333333,0.0,0.15409054805401112,0.4285714285714285,0.2928321678321679,0.34042553191489366,0.36681887366818877,True,True,False,False,True,False,False,False,True,False,False,False,False,False,False,False,False,False,False,False,False,False,False,True,False,False,False,False,False
0.17500000000000004,0.24405377456049637,0.0040774719673802255,0.25626515763945024,0.13793103448275867,0.22727272727272727,0.34319526627218927,0.08333333333333333,0.0,0.15409054805401112,0.4285714285714285,0.2928321678321679,0.34042553191489366,0.36681887366818877,True,True,False,False,True,False,False,False,True,False,False,False,False,False,False,False,False,False,False,False,False,False,False,True,False,False,False,False,False
0.17500000000000004,0.405377456049638,0.006880733944954129,0.1592562651576394,0.12643678160919536,0.3909090909090909,0.2840236686390532,0.14285714285714285,0.0,0.15409054805401112,0.4285714285714285,0.2928321678321679,0.34042553191489366,0.36681887366818877,True,True,False,False,True,False,False,False,True,False,False,False,False,False,False,False,False,False,False,False,False,False,False,True,False,False,False,False,False
0.125,0.0899689762150982,0.002803261977573905,0.050121261115602264,0.10344827586206895,0.1,0.5266272189349112,0.06349206349206347,0.0,0.12470214455917394,0.2857142857142857,0.16171328671328689,0.23404255319148914,0.39726027397260255,True,True,False,False,True,False,False,True,False,False,False,False,False,False,False,False,False,False,False,False,False,False,False,True,False,False,False,False,False
0.125,0.22647362978283353,0.0022935779816513763,0.050121261115602264,0.09578544061302685,0.24545454545454545,0.5857988165680472,0.12301587301587301,0.0,0.12470214455917394,0.2857142857142857,0.16171328671328689,0.23404255319148914,0.39726027397260255,True,True,False,False,True,False,False,True,False,False,False,False,False,False,False,False,False,False,False,False,False,False,False,True,False,False,False,False,False
0.125,0.22647362978283353,0.0022935779816513763,0.08649959579628132,0.11494252873563215,0.23636363636363636,0.4082840236686389,0.12301587301587301,0.0,0.12470214455917394,0.2857142857142857,0.16171328671328689,0.23404255319148914,0.39726027397260255,True,True,False,False,True,False,False,True,False,False,False,False,False,False,False,False,False,False,False,False,False,False,False,True,False,False,False,False,False
0.4750000000000001,0.4146845915201654,0.007135575942915393,0.2158447857720291,0.09195402298850575,0.4181818181818182,0.31360946745562124,0.18253968253968256,0.3,0.19777601270849882,0.4285714285714285,0.5157342657342658,0.5638297872340425,0.19939117199391188,True,True,False,False,False,True,False,False,False,True,False,False,False,False,False,False,False,False,False,False,False,False,False,False,False,False,True,False,False
0.275,0.6328852119958635,0.012742099898063203,0.4502829426030719,0.1915708812260536,0.5636363636363636,0.09467455621301771,0.28174603174603174,0.6,0.19777601270849882,0.4285714285714285,0.5157342657342658,0.5638297872340425,0.19939117199391188,True,True,False,True,False,False,False,False,False,True,False,False,False,False,False,False,False,False,False,False,False,False,False,False,False,False,True,False,False
0.275,0.6328852119958635,0.012742099898063203,0.1996766370250606,0.13793103448275867,0.6272727272727272,0.2189349112426035,0.28174603174603174,0.3,0.19777601270849882,0.4285714285714285,0.5157342657342658,0.5638297872340425,0.19939117199391188,True,True,False,False,False,True,False,False,False,True,False,False,False,False,False,False,False,False,False,False,False,False,False,False,False,False,True,False,False
0.25,0.5222337125129266,0.007645259938837922,0.1592562651576394,0.23754789272030652,0.40909090909090906,0.4201183431952662,0.17063492063492064,0.52,0.318506751389992,0.4285714285714285,0.5091783216783217,0.5957446808510634,0.5159817351598175,True,True,False,False,True,False,False,False,False,False,False,False,False,False,False,False,False,True,False,False,False,False,False,False,False,True,False,False,False
0.25,0.6794208893485005,0.011213047910295617,0.1754244139046079,0.24904214559386972,0.5272727272727272,0.437869822485207,0.2222222222222222,0.52,0.318506751389992,0.4285714285714285,0.5091783216783217,0.5957446808510634,0.5159817351598175,True,True,False,False,True,False,False,False,False,False,False,False,False,False,False,False,False,True,False,False,False,False,False,False,False,True,False,False,False
0.44999999999999996,0.6328852119958635,0.012742099898063203,0.46645109135004037,0.27586206896551724,0.4818181818181818,0.136094674556213,0.3412698412698413,0.6,0.2930897537728356,0.4285714285714285,0.5288461538461537,0.670212765957447,0.4429223744292239,True,True,False,True,False,False,False,False,False,False,False,False,False,False,False,False,False,True,False,False,False,False,False,False,False,True,False,False,False
0.44999999999999996,0.6328852119958635,0.012742099898063203,0.2158447857720291,0.23754789272030652,0.509090909090909,0.2662721893491124,0.3412698412698413,0.3,0.2930897537728356,0.4285714285714285,0.5288461538461537,0.670212765957447,0.4429223744292239,True,True,False,False,False,True,False,False,False,False,False,False,False,False,False,False,False,True,False,False,False,False,False,False,False,True,False,False,False
0.44999999999999996,0.7238883143743535,0.01834862385321101,0.46645109135004037,0.27969348659003834,0.5363636363636364,0.136094674556213,0.5396825396825397,0.6,0.2930897537728356,0.4285714285714285,0.5288461538461537,0.670212765957447,0.4429223744292239,True,True,False,True,False,False,False,False,False,False,False,False,False,False,False,False,False,True,False,False,False,False,False,False,False,True,False,False,False
0.32500000000000007,0.904860392967942,0.01834862385321101,0.4745351657235246,0.367816091954023,0.5909090909090908,0.15976331360946744,0.28174603174603174,0.6,0.06671961874503574,0.7142857142857143,0.590034965034965,0.7340425531914896,0.6331811263318112,True,True,False,True,False,False,False,False,False,False,False,False,False,False,False,False,False,False,True,False,False,False,False,False,False,True,False,False,False
0.17500000000000004,0.38986556359875907,0.01834862385321101,0.1592562651576394,0.1800766283524904,0.40909090909090906,0.2662721893491124,0.32142857142857145,0.0,0.1858617950754567,0.4285714285714285,0.3068181818181819,0.42340425531914905,0.3211567732115679,True,True,False,False,False,True,False,False,True,False,False,False,False,False,False,False,False,False,False,False,False,False,False,True,False,False,False,False,False
0.17500000000000004,0.576008273009307,0.027522935779816515,0.1592562651576394,0.1839080459770115,0.5909090909090908,0.2840236686390532,0.38095238095238093,0.0,0.1858617950754567,0.4285714285714285,0.3068181818181819,0.42340425531914905,0.3211567732115679,True,True,False,False,False,True,False,False,True,False,False,False,False,False,False,False,False,False,False,False,False,False,False,True,False,False,False,False,False
0.375,0.5966907962771457,0.027522935779816515,0.349232012934519,0.15325670498084287,0.6,0.20118343195266264,0.42063492063492064,0.0,0.1858617950754567,0.4285714285714285,0.3068181818181819,0.42340425531914905,0.31811263318112637,True,True,False,False,False,True,False,False,True,False,False,False,False,False,False,False,False,False,False,False,False,False,False,True,False,False,False,False,False
0.275,0.576008273009307,0.027522935779816515,0.349232012934519,0.12643678160919536,0.5636363636363636,0.272189349112426,0.3611111111111111,0.4,0.30897537728355834,0.4285714285714285,0.4475524475524475,0.5340425531914894,0.4079147640791474,True,True,False,False,False,True,False,False,False,False,False,False,False,False,False,False,True,False,False,False,False,False,False,False,False,True,False,False,False
0.275,0.576008273009307,0.027522935779816515,0.349232012934519,0.15708812260536398,0.5272727272727272,0.19526627218934905,0.3611111111111111,0.48000000000000004,0.30897537728355834,0.4285714285714285,0.4475524475524475,0.5340425531914894,0.4079147640791474,True,True,False,True,False,False,False,False,False,False,False,False,False,False,False,False,True,False,False,False,False,False,False,False,False,True,False,False,False
0.42500000000000004,0.8345398138572906,0.027522935779816515,0.4017784963621665,0.31800766283524906,0.5909090909090908,0.18343195266272183,0.5396825396825397,0.6348,0.5099285146942016,0.4285714285714285,0.6053321678321679,0.780851063829787,0.4474885844748857,True,True,False,True,False,False,False,False,False,False,False,False,False,False,False,False,False,False,False,True,False,False,False,False,False,True,False,False,False
0.03500000000000003,0.296794208893485,0.01834862385321101,0.11883589329021828,0.15325670498084287,0.1818181818181818,0.5621301775147928,0.20238095238095238,0.3,0.49563145353455124,0.4285714285714285,0.3422202797202798,0.6617021276595745,0.7214611872146119,True,True,False,False,True,False,False,False,False,False,False,False,False,False,False,False,False,False,False,False,True,False,False,False,False,False,False,True,False
0.03500000000000003,0.296794208893485,0.01834862385321101,0.11883589329021828,0.15325670498084287,0.1727272727272727,0.5621301775147928,0.20238095238095238,0.3,0.7140587768069897,0.7142857142857143,0.49519230769230793,0.6617021276595745,0.7382039573820394,True,True,False,False,True,False,False,False,False,False,False,False,False,False,False,False,False,False,False,False,True,False,False,False,False,False,False,True,False
0.050000000000000044,0.23474663908996896,0.01834862385321101,0.005658852061438971,0.09961685823754785,0.21818181818181817,0.5502958579881656,0.12301587301587301,0.22,0.12629070691024621,0.4285714285714285,0.1726398601398602,0.3085106382978724,0.3774733637747336,True,True,False,False,True,False,False,True,False,False,False,False,False,False,False,False,False,False,False,False,False,False,False,True,False,False,False,False,False
0.09999999999999998,0.23474663908996896,0.01834862385321101,0.009700889248181091,0.13409961685823757,0.1909090909090909,0.6331360946745561,0.12301587301587301,0.14,0.2454328832406672,0.4285714285714285,0.33872377622377625,0.3936170212765955,0.5038051750380514,True,True,False,False,True,False,False,False,False,False,False,False,False,False,False,True,False,False,False,False,False,False,False,False,False,True,False,False,False
0.125,0.2585315408479834,0.01834862385321101,0.11883589329021828,0.09961685823754785,0.2727272727272727,0.4556213017751478,0.19444444444444448,0.0,0.181890389197776,0.4285714285714285,0.32342657342657355,0.47659574468085086,0.298325722983257,True,True,False,False,True,False,False,False,True,False,False,False,False,False,False,False,False,False,False,False,False,False,False,True,False,False,False,False,False
0.125,0.3050672182006204,0.003822629969418961,0.11883589329021828,0.04980842911877398,0.34545454545454546,0.4082840236686389,0.19444444444444448,0.0,0.181890389197776,0.4285714285714285,0.32342657342657355,0.47659574468085086,0.298325722983257,True,True,False,False,True,False,False,False,True,False,False,False,False,False,False,False,False,False,False,False,False,False,False,True,False,False,False,False,False
0.125,0.2585315408479834,0.01834862385321101,0.11883589329021828,0.08812260536398464,0.28181818181818175,0.4556213017751478,0.19444444444444448,0.0,0.28514694201747415,0.4285714285714285,0.42832167832167833,0.47659574468085086,0.298325722983257,True,True,False,False,True,False,False,False,True,False,False,False,False,False,False,False,False,False,False,False,False,False,False,False,False,False,True,False,False
0.125,0.3050672182006204,0.003822629969418961,0.11883589329021828,0.03831417624521072,0.36363636363636365,0.4082840236686389,0.19444444444444448,0.0,0.28514694201747415,0.4285714285714285,0.42832167832167833,0.47659574468085086,0.298325722983257,True,True,False,False,True,False,False,False,True,False,False,False,False,False,False,False,False,False,False,False,False,False,False,False,False,False,True,False,False
0.025000000000000022,0.2585315408479834,0.01834862385321101,0.08649959579628132,0.4137931034482758,0.08181818181818182,0.6568047337278106,0.19444444444444448,0.4,0.35901509134233517,0.9999999999999999,0.5957167832167833,0.6595744680851059,0.8538812785388128,True,True,False,False,True,False,False,False,False,False,False,False,False,False,False,False,False,False,False,False,True,False,False,False,False,False,False,True,False
0.025000000000000022,0.4829369183040331,0.03211009174311927,0.08649959579628132,0.3563218390804598,0.22727272727272727,0.710059171597633,0.19841269841269843,0.4,0.35901509134233517,0.9999999999999999,0.5957167832167833,0.6595744680851059,0.8538812785388128,True,True,False,False,True,False,False,False,False,False,False,False,False,False,False,False,False,False,False,False,True,False,False,False,False,False,False,True,False
0.025000000000000022,0.2585315408479834,0.01834862385321101,0.08649959579628132,0.421455938697318,0.08181818181818182,0.6568047337278106,0.19444444444444448,0.4,0.6656076250992851,0.9999999999999999,0.7486888111888113,0.6595744680851059,0.8538812785388128,True,True,False,False,True,False,False,False,False,False,False,False,False,False,False,False,False,False,False,False,True,False,False,False,False,False,False,True,False
0.025000000000000022,0.4829369183040331,0.03211009174311927,0.08649959579628132,0.3639846743295019,0.22727272727272727,0.710059171597633,0.19841269841269843,0.4,0.6656076250992851,0.9999999999999999,0.7486888111888113,0.6595744680851059,0.8538812785388128,True,True,False,False,True,False,False,False,False,False,False,False,False,False,False,False,False,False,False,False,True,False,False,False,False,False,False,True,False
0.125,0.3050672182006204,0.003822629969418961,0.11883589329021828,0.07279693486590039,0.29999999999999993,0.4023668639053254,0.2222222222222222,0.0,0.1580619539316918,0.4285714285714285,0.2176573426573427,0.40851063829787204,0.31202435312024335,True,True,False,False,True,False,False,False,False,False,False,False,False,False,False,True,False,False,False,False,False,False,False,False,False,True,False,False,False
0.17500000000000004,0.3826266804550154,0.01834862385321101,0.18755052546483425,0.08045977011494254,0.4363636363636363,0.2899408284023668,0.16269841269841273,0.0,0.18983320095313738,0.4285714285714285,0.34090909090909105,0.5446808510638297,0.21461187214611854,True,True,False,False,True,False,False,False,False,False,False,False,False,False,False,False,True,False,False,False,False,False,False,True,False,False,False,False,False
0.32500000000000007,0.7849017580144777,0.01834862385321101,0.32174616006467255,0.14176245210727967,0.7181818181818181,0.18934911242603547,0.40079365079365076,0.56,0.37251787132644953,0.4285714285714285,0.5305944055944058,0.6595744680851059,0.37290715372907135,True,True,False,True,False,False,False,False,False,False,False,False,False,False,False,False,False,True,False,False,False,False,False,False,False,True,False,False,False
0.32500000000000007,0.5418821096173734,0.01834862385321101,0.18755052546483425,0.12260536398467436,0.509090909090909,0.32544378698224846,0.28174603174603174,0.504,0.37251787132644953,0.4285714285714285,0.5305944055944058,0.6595744680851059,0.37290715372907135,True,True,False,False,True,False,False,False,False,False,False,False,False,False,False,False,False,True,False,False,False,False,False,False,False,True,False,False,False
0.32500000000000007,0.7849017580144777,0.01834862385321101,0.18755052546483425,0.10344827586206895,0.7454545454545455,0.33136094674556205,0.40079365079365076,0.48000000000000004,0.37251787132644953,0.4285714285714285,0.5305944055944058,0.6595744680851059,0.37290715372907135,True,True,False,False,True,False,False,False,False,False,False,False,False,False,False,False,False,True,False,False,False,False,False,False,False,True,False,False,False
0.0,0.03826266804550155,0.0,0.009700889248181091,0.0,0.054545454545454536,1.0,0.0,0.0,0.12470214455917394,0.2857142857142857,0.034965034965035,0.025531914893616836,0.28462709284627064,True,True,False,False,True,False,True,False,False,False,False,False,False,False,False,False,False,False,False,False,False,False,False,True,False,False,False,False,False
0.0,0.03826266804550155,0.0,0.0,0.01915708812260536,0.04545454545454544,0.6804733727810649,0.0,0.0,0.12470214455917394,0.2857142857142857,0.034965034965035,0.025531914893616836,0.28462709284627064,True,True,False,False,True,False,True,False,False,False,False,False,False,False,False,False,False,False,False,False,False,False,False,True,False,False,False,False,False
0.07500000000000007,0.0796277145811789,0.01834862385321101,0.037995149555375904,0.06513409961685823,0.1,0.6094674556213017,0.08333333333333333,0.4,0.13899920571882446,0.4285714285714285,0.174825174825175,0.42553191489361675,0.36681887366818877,True,True,False,False,True,False,False,True,False,False,False,False,False,False,False,False,False,False,False,False,False,False,False,True,False,False,False,False,False
0.07500000000000007,0.1933815925542916,0.01834862385321101,0.037995149555375904,0.07662835249042144,0.21818181818181817,0.6094674556213017,0.08730158730158731,0.4,0.13899920571882446,0.4285714285714285,0.174825174825175,0.42553191489361675,0.36681887366818877,True,True,False,False,True,False,False,True,False,False,False,False,False,False,False,False,False,False,False,False,False,False,False,True,False,False,False,False,False
0.125,0.6173733195449844,0.01834862385321101,0.16734033953112365,0.3601532567049809,0.4636363636363636,0.43195266272189337,0.14285714285714285,0.4,0.25099285146942013,0.4285714285714285,0.47115384615384626,0.6340425531914891,0.5585996955859969,True,True,False,False,True,False,False,False,False,False,False,False,False,False,False,False,False,True,False,False,False,False,False,False,False,True,False,False,False
0.050000000000000044,0.0,0.0045871559633027525,0.08649959579628132,0.011494252873563204,0.0,0.4023668639053254,0.04365079365079365,0.0,0.02700555996822876,0.2857142857142857,0.004807692307692291,0.15531914893617005,0.30441400304414,True,True,False,False,True,False,False,True,False,False,False,False,False,False,False,False,False,False,False,False,False,False,False,True,False,False,False,False,False
0.125,0.16546018614270935,0.015290519877675844,0.08649959579628132,0.04980842911877398,0.1818181818181818,0.4023668639053254,0.1507936507936508,0.0,0.02700555996822876,0.2857142857142857,0.004807692307692291,0.15531914893617005,0.30441400304414,True,True,False,False,True,False,False,True,False,False,False,False,False,False,False,False,False,False,False,False,False,False,False,True,False,False,False,False,False
0.050000000000000044,0.0,0.0045871559633027525,0.08649959579628132,0.011494252873563204,0.0,0.4023668639053254,0.04365079365079365,0.0,0.02700555996822876,0.2857142857142857,0.004807692307692291,0.15531914893617005,0.30441400304414,True,True,False,False,True,False,False,True,False,False,False,False,False,False,False,False,False,False,False,False,False,True,False,False,False,False,False,False,False
0.125,0.16546018614270935,0.015290519877675844,0.08649959579628132,0.06130268199233718,0.1727272727272727,0.4023668639053254,0.1507936507936508,0.0,0.02700555996822876,0.2857142857142857,0.004807692307692291,0.15531914893617005,0.30441400304414,True,True,False,False,True,False,False,True,False,False,False,False,False,False,False,False,False,False,False,False,False,True,False,False,False,False,False,False,False
0.050000000000000044,0.0,0.0045871559633027525,0.08649959579628132,0.011494252873563204,0.0,0.4023668639053254,0.04365079365079365,0.0,0.02700555996822876,0.2857142857142857,0.004807692307692291,0.15531914893617005,0.30441400304414,True,True,False,False,True,False,False,True,False,False,False,False,False,False,False,False,False,False,False,False,False,False,False,True,False,False,False,False,False
0.125,0.16546018614270935,0.015290519877675844,0.08649959579628132,0.03448275862068967,0.1818181818181818,0.4023668639053254,0.1507936507936508,0.0,0.02700555996822876,0.2857142857142857,0.004807692307692291,0.15531914893617005,0.30441400304414,True,True,False,False,True,False,False,True,False,False,False,False,False,False,False,False,False,False,False,False,False,False,False,True,False,False,False,False,False
0.125,0.3050672182006204,0.003822629969418961,0.11883589329021828,0.05747126436781608,0.3181818181818181,0.4023668639053254,0.19841269841269843,0.0,0.1660047656870532,0.4285714285714285,0.24082167832167833,0.36382978723404236,0.2952815829528159,True,True,False,False,True,False,False,False,False,False,False,False,False,False,False,True,False,False,False,False,False,False,False,False,False,True,False,False,False
0.03500000000000003,0.23267838676318509,0.01834862385321101,0.007275666936135822,0.10344827586206895,0.22727272727272727,0.5207100591715975,0.12301587301587301,0.22,0.16679904686258934,0.4285714285714285,0.16564685314685335,0.3255319148936171,0.36681887366818877,True,True,False,False,True,False,False,True,False,False,False,False,False,False,False,False,False,False,False,False,False,False,False,True,False,False,False,False,False
0.275,0.5966907962771457,0.027522935779816515,0.4575586095392077,0.14942528735632188,0.5818181818181818,0.18343195266272183,0.42063492063492064,0.48000000000000004,0.33439237490071483,0.4285714285714285,0.4471153846153846,0.5574468085106381,0.452054794520548,True,True,False,True,False,False,False,False,False,True,False,False,False,False,False,False,False,False,False,False,False,False,False,False,True,False,False,False,False
0.275,0.576008273009307,0.027522935779816515,0.349232012934519,0.09961685823754785,0.5818181818181818,0.24852071005917153,0.3611111111111111,0.4,0.33439237490071483,0.4285714285714285,0.4471153846153846,0.5574468085106381,0.452054794520548,True,True,False,False,False,True,False,False,False,True,False,False,False,False,False,False,False,False,False,False,False,False,False,False,True,False,False,False,False
0.17500000000000004,0.3174767321613237,0.015290519877675844,0.1592562651576394,0.2068965517241379,0.3363636363636363,0.4023668639053254,0.2222222222222222,0.4,0.33439237490071483,0.4285714285714285,0.4471153846153846,0.5574468085106381,0.452054794520548,True,True,False,False,False,True,False,False,False,True,False,False,False,False,False,False,False,False,False,False,False,False,False,False,True,False,False,False,False
0.275,0.5966907962771457,0.027522935779816515,0.4575586095392077,0.16858237547892718,0.5545454545454546,0.18343195266272183,0.42063492063492064,0.48000000000000004,0.3057982525814138,0.4285714285714285,0.3706293706293706,0.55531914893617,0.4718417047184169,True,True,False,True,False,False,False,False,False,False,False,False,False,False,False,False,True,False,False,False,False,False,False,False,False,True,False,False,False
0.275,0.576008273009307,0.027522935779816515,0.349232012934519,0.11494252873563215,0.5454545454545454,0.24852071005917153,0.3611111111111111,0.4,0.3057982525814138,0.4285714285714285,0.3706293706293706,0.55531914893617,0.45814307458143055,True,True,False,False,False,True,False,False,False,False,False,False,False,False,False,False,True,False,False,False,False,False,False,False,False,True,False,False,False
0.17500000000000004,0.3174767321613237,0.015290519877675844,0.1592562651576394,0.10727969348659006,0.3090909090909091,0.38461538461538447,0.2222222222222222,0.4,0.3057982525814138,0.4285714285714285,0.3706293706293706,0.55531914893617,0.45814307458143055,True,True,False,False,False,True,False,False,False,False,False,False,False,False,False,False,True,False,False,False,False,False,False,False,False,True,False,False,False
0.275,0.6897621509824199,0.01834862385321101,0.454324979789814,0.1954022988505747,0.5454545454545454,0.1538461538461538,0.30158730158730157,0.6,0.29229547259729943,0.4285714285714285,0.47770979020979043,0.5765957446808514,0.44901065449010646,True,True,False,True,False,False,False,False,False,False,False,False,False,False,False,False,False,True,False,False,False,False,False,False,False,True,False,False,False
0.275,0.7207859358841779,0.038735983690112136,0.454324979789814,0.2145593869731801,0.5636363636363636,0.14201183431952658,0.3412698412698413,0.6,0.29229547259729943,0.4285714285714285,0.47770979020979043,0.5765957446808514,0.44901065449010646,True,True,False,True,False,False,False,False,False,False,False,False,False,False,False,False,False,True,False,False,False,False,False,False,False,True,False,False,False
0.275,0.6897621509824199,0.01834862385321101,0.3330638641875505,0.14559386973180077,0.6181818181818182,0.23076923076923067,0.30158730158730157,0.6,0.29229547259729943,0.4285714285714285,0.47770979020979043,0.5765957446808514,0.44901065449010646,True,True,False,False,False,True,False,False,False,False,False,False,False,False,False,False,False,True,False,False,False,False,False,False,False,True,False,False,False
0.275,0.7207859358841779,0.038735983690112136,0.3330638641875505,0.16475095785440608,0.6272727272727272,0.2189349112426035,0.3412698412698413,0.6,0.29229547259729943,0.4285714285714285,0.47770979020979043,0.5765957446808514,0.44901065449010646,True,True,False,False,False,True,False,False,False,False,False,False,False,False,False,False,False,True,False,False,False,False,False,False,False,True,False,False,False
0.375,0.7207859358841779,0.038735983690112136,0.6766370250606305,0.26053639846743293,0.5272727272727272,0.09467455621301771,0.3412698412698413,0.3,0.29229547259729943,0.4285714285714285,0.49082167832167833,0.5765957446808514,0.4322678843226786,True,True,False,True,False,False,False,False,False,False,False,False,False,False,False,False,False,True,False,False,False,False,False,False,False,True,False,False,False
0.375,0.7207859358841779,0.038735983690112136,0.6766370250606305,0.26053639846743293,0.5454545454545454,0.09467455621301771,0.3412698412698413,0.3,0.29229547259729943,0.4285714285714285,0.49082167832167833,0.5765957446808514,0.4322678843226786,True,True,False,True,False,False,False,False,False,False,False,False,False,False,False,False,False,True,False,False,False,False,False,False,False,True,False,False,False
0.375,0.7207859358841779,0.038735983690112136,0.6766370250606305,0.26436781609195403,0.509090909090909,0.10059171597633132,0.3412698412698413,0.3,0.29229547259729943,0.4285714285714285,0.49082167832167833,0.5765957446808514,0.4627092846270928,True,True,False,True,False,False,False,False,False,False,False,False,False,False,False,False,False,True,False,False,False,False,False,False,False,True,False,False,False
0.375,0.7207859358841779,0.038735983690112136,0.6766370250606305,0.26436781609195403,0.5,0.10059171597633132,0.3412698412698413,0.3,0.29229547259729943,0.4285714285714285,0.49082167832167833,0.5765957446808514,0.4627092846270928,True,True,False,True,False,False,False,False,False,False,False,False,False,False,False,False,False,True,False,False,False,False,False,False,False,True,False,False,False
0.275,0.5305067218200619,0.01834862385321101,0.3330638641875505,0.1724137931034483,0.4545454545454545,0.2366863905325443,0.28174603174603174,0.3,0.29229547259729943,0.4285714285714285,0.47770979020979043,0.5765957446808514,0.44901065449010646,True,True,False,False,False,True,False,False,False,False,False,False,False,False,False,False,False,True,False,False,False,False,False,False,False,True,False,False,False
0.275,0.5305067218200619,0.01834862385321101,0.3330638641875505,0.1724137931034483,0.44545454545454544,0.2366863905325443,0.28174603174603174,0.3,0.29229547259729943,0.4285714285714285,0.47770979020979043,0.5765957446808514,0.44901065449010646,True,True,False,False,False,True,False,False,False,False,False,False,False,False,False,False,False,True,False,False,False,False,False,False,False,True,False,False,False
0.17500000000000004,0.23061013443640122,0.01834862385321101,0.14308811641067098,0.06513409961685823,0.2545454545454545,0.34319526627218927,0.2222222222222222,0.3,0.295472597299444,0.4285714285714285,0.2596153846153848,0.4148936170212765,0.3439878234398783,True,True,False,False,True,False,False,False,False,False,False,False,False,False,False,True,False,False,False,False,False,False,False,False,False,True,False,False,False
0.09999999999999998,0.23061013443640122,0.01834862385321101,0.14308811641067098,0.210727969348659,0.1181818181818182,0.5207100591715975,0.20238095238095238,0.3,0.2533756949960286,0.4285714285714285,0.31337412587412605,0.5659574468085107,0.7427701674277016,True,True,False,False,True,False,False,False,False,False,False,False,False,False,False,False,False,False,False,False,True,False,False,False,False,False,False,True,False
0.025000000000000022,0.4415718717683557,0.01834862385321101,0.24413904607922393,1.0,0.1818181818181818,0.4023668639053254,0.16269841269841273,0.8,0.4138204924543288,0.8571428571428571,0.625,0.8276595744680852,0.9589041095890409,True,True,False,False,False,True,False,False,False,False,False,False,False,False,False,False,False,False,False,False,True,False,False,False,False,False,False,True,False
0.025000000000000022,0.4415718717683557,0.01834862385321101,0.24413904607922393,1.0,0.1818181818181818,0.34319526627218927,0.16269841269841273,0.8,0.4138204924543288,0.8571428571428571,0.625,0.8276595744680852,0.9589041095890409,True,True,False,False,False,True,False,False,False,False,False,False,False,False,False,False,False,False,False,False,True,False,False,False,False,False,False,True,False
0.125,0.4415718717683557,0.01834862385321101,0.24413904607922393,1.0,0.1818181818181818,0.4023668639053254,0.16269841269841273,0.8,0.4138204924543288,0.8571428571428571,1.0,0.8276595744680852,0.9589041095890409,True,True,False,False,False,True,False,False,False,False,False,False,False,False,False,False,False,False,False,False,True,False,False,False,False,False,False,True,False
0.125,0.4415718717683557,0.01834862385321101,0.24413904607922393,1.0,0.1818181818181818,0.34319526627218927,0.16269841269841273,0.8,0.4138204924543288,0.8571428571428571,1.0,0.8276595744680852,0.9589041095890409,True,True,False,False,False,True,False,False,False,False,False,False,False,False,False,False,False,False,False,False,True,False,False,False,False,False,False,True,False
0.17500000000000004,0.249224405377456,0.01834862385321101,0.11075181891673404,0.14176245210727967,0.22727272727272727,0.36094674556213013,0.06349206349206347,0.0,0.06115965051628275,0.4285714285714285,0.26879370629370647,0.457446808510638,0.41704718417047193,True,True,False,False,True,False,False,False,True,False,False,False,False,False,False,False,False,False,False,False,False,False,False,True,False,False,False,False,False
0.17500000000000004,0.39296794208893476,0.01834862385321101,0.11075181891673404,0.12260536398467436,0.3727272727272727,0.35502958579881644,0.10714285714285714,0.0,0.06115965051628275,0.4285714285714285,0.26879370629370647,0.457446808510638,0.41704718417047193,True,True,False,False,True,False,False,False,True,False,False,False,False,False,False,False,False,False,False,False,False,False,False,True,False,False,False,False,False
0.17500000000000004,0.39296794208893476,0.01834862385321101,0.11075181891673404,0.14942528735632188,0.34545454545454546,0.35502958579881644,0.10714285714285714,0.0,0.06115965051628275,0.4285714285714285,0.2770979020979021,0.506382978723404,0.41704718417047193,True,True,False,False,True,False,False,False,True,False,False,False,False,False,False,False,False,False,False,False,False,False,False,True,False,False,False,False,False
0.275,0.6432264736297828,0.01834862385321101,0.45836701697655613,0.1992337164750958,0.5363636363636364,0.136094674556213,0.20238095238095238,0.0,0.14455917394757745,0.4285714285714285,0.5467657342657342,0.5361702127659576,0.26027397260273943,True,True,False,True,False,False,False,False,False,True,False,False,False,False,False,False,False,False,False,False,False,False,False,False,False,False,True,False,False
0.22499999999999998,0.4446742502585315,0.01834862385321101,0.18350848827809213,0.14176245210727967,0.3909090909090909,0.35502958579881644,0.18253968253968256,0.0,0.14455917394757745,0.4285714285714285,0.5467657342657342,0.5361702127659576,0.26027397260273943,True,True,False,False,True,False,False,False,False,True,False,False,False,False,False,False,False,False,False,False,False,False,False,False,False,False,True,False,False
0.22499999999999998,0.4446742502585315,0.01834862385321101,0.18350848827809213,0.14176245210727967,0.3909090909090909,0.35502958579881644,0.18253968253968256,0.0,0.14455917394757745,0.4285714285714285,0.5467657342657342,0.5361702127659576,0.26027397260273943,True,True,False,False,True,False,False,False,False,True,False,False,False,False,False,False,False,False,False,False,False,False,False,False,False,False,True,False,False
0.5,0.6328852119958635,0.01834862385321101,0.4745351657235246,0.1915708812260536,0.5545454545454546,0.15976331360946744,0.5198412698412698,0.4,0.16123907863383635,0.4285714285714285,0.6053321678321679,0.670212765957447,0.21461187214611854,True,True,False,True,False,False,False,False,False,False,False,True,False,False,False,False,False,False,False,False,False,False,False,False,False,False,True,False,False
0.30000000000000004,0.5449844881075492,0.03975535168195719,0.19159256265157637,0.13026819923371646,0.4636363636363636,0.33136094674556205,0.6785714285714285,0.64,0.22319301032565525,0.4285714285714285,0.39117132867132876,0.5957446808510634,0.38203957382039544,True,True,False,False,False,True,False,False,False,False,False,False,False,False,False,False,True,False,False,False,False,False,False,False,False,True,False,False,False
0.375,0.5449844881075492,0.03975535168195719,0.3977364591754244,0.1839080459770115,0.4363636363636363,0.19526627218934905,0.6785714285714285,0.64,0.22319301032565525,0.4285714285714285,0.39117132867132876,0.5957446808510634,0.38203957382039544,True,True,False,True,False,False,False,False,False,False,False,False,False,False,False,False,True,False,False,False,False,False,False,False,False,True,False,False,False
0.55,0.5449844881075492,0.03975535168195719,0.4745351657235246,0.1915708812260536,0.40909090909090906,0.10650887573964493,0.6785714285714285,0.64,0.22319301032565525,0.4285714285714285,0.39117132867132876,0.5957446808510634,0.38203957382039544,True,True,False,True,False,False,False,False,False,False,False,False,False,False,False,False,True,False,False,False,False,False,False,False,False,True,False,False,False
0.55,0.5449844881075492,0.03975535168195719,0.4745351657235246,0.2068965517241379,0.3909090909090909,0.11834319526627216,0.6388888888888888,0.7200000000000001,0.27958697378872116,0.4285714285714285,0.47858391608391626,0.6382978723404253,0.45814307458143055,True,True,False,True,False,False,False,False,False,False,False,False,False,False,False,False,False,True,False,False,False,False,False,False,False,True,False,False,False
0.17500000000000004,0.4198552223371251,0.01834862385321101,0.1592562651576394,0.15708812260536398,0.36363636363636365,0.3195266272189348,0.12301587301587301,0.0,0.16679904686258934,0.4285714285714285,0.3352272727272727,0.3829787234042552,0.38812785388127846,True,True,False,False,True,False,False,False,False,False,False,False,False,False,False,True,False,False,False,False,False,False,False,False,False,True,False,False,False
0.375,0.9379524301964839,0.01834862385321101,0.5149555375909458,0.4137931034482758,0.5818181818181818,0.15976331360946744,0.32142857142857145,0.6,0.2279586973788721,0.4285714285714285,0.6944930069930071,0.8510638297872344,0.6118721461187215,True,True,False,True,False,False,False,False,False,False,False,False,False,False,False,False,False,False,False,True,False,False,False,False,False,True,False,False,False
0.375,0.5708376421923473,0.01834862385321101,0.39369442198868226,0.32183908045977005,0.3363636363636363,0.2544378698224851,0.32936507936507936,0.6,0.2279586973788721,0.4285714285714285,0.6944930069930071,0.8510638297872344,0.6118721461187215,True,True,False,True,False,False,False,False,False,False,False,False,False,False,False,False,False,False,False,True,False,False,False,False,False,True,False,False,False
0.375,0.7104446742502586,0.01834862385321101,0.5149555375909458,0.32567049808429116,0.42727272727272725,0.15976331360946744,0.32936507936507936,0.6,0.2279586973788721,0.4285714285714285,0.6944930069930071,0.8510638297872344,0.6118721461187215,True,True,False,True,False,False,False,False,False,False,False,False,False,False,False,False,False,False,False,True,False,False,False,False,False,True,False,False,False
0.125,0.2554291623578076,0.01834862385321101,0.02748585286984641,0.05747126436781608,0.29999999999999993,0.49704142011834307,0.16269841269841273,0.4,0.10246227164416202,0.2857142857142857,0.08959790209790208,0.0,0.3744292237442921,True,True,False,False,True,False,False,False,False,False,False,False,False,False,True,False,False,False,False,False,False,False,False,False,False,True,False,False,False
0.07500000000000007,0.18304033092037225,0.01834862385321101,0.02748585286984641,0.03831417624521072,0.21818181818181817,0.5621301775147928,0.12301587301587301,0.4,0.10246227164416202,0.2857142857142857,0.08959790209790208,0.0,0.3744292237442921,True,True,False,False,True,False,False,False,False,False,False,False,False,False,True,False,False,False,False,False,False,False,False,False,False,True,False,False,False
0.30000000000000004,0.4002068252326783,0.027522935779816515,0.19159256265157637,0.10344827586206895,0.38181818181818183,0.3727810650887573,0.4801587301587302,0.3,0.2930897537728356,0.4285714285714285,0.45236013986014,0.5957446808510634,0.420091324200913,True,True,False,False,False,True,False,False,False,False,False,False,False,False,False,False,True,False,False,False,False,False,False,False,False,True,False,False,False
0.30000000000000004,0.6070320579110651,0.03975535168195719,0.3977364591754244,0.2030651340996169,0.5636363636363636,0.18343195266272183,0.6984126984126984,0.64,0.2930897537728356,0.4285714285714285,0.45236013986014,0.5957446808510634,0.420091324200913,True,True,False,True,False,False,False,False,False,False,False,False,False,False,False,False,True,False,False,False,False,False,False,False,False,True,False,False,False
0.30000000000000004,0.6070320579110651,0.03975535168195719,0.19159256265157637,0.1762452107279694,0.5727272727272728,0.31360946745562124,0.6984126984126984,0.64,0.2930897537728356,0.4285714285714285,0.45236013986014,0.5957446808510634,0.420091324200913,True,True,False,False,False,True,False,False,False,False,False,False,False,False,False,False,True,False,False,False,False,False,False,False,False,True,False,False,False
0.675,0.6070320579110651,0.03975535168195719,0.5068714632174616,0.26819923371647514,0.4636363636363636,0.07100591715976329,0.6984126984126984,0.0,0.26131850675138996,0.4285714285714285,0.47858391608391626,0.7021276595744679,0.3896499238964992,True,True,False,True,False,False,False,False,False,False,False,False,False,False,False,False,True,False,False,False,False,False,False,False,False,True,False,False,False
0.30000000000000004,0.5449844881075492,0.03975535168195719,0.19159256265157637,0.10344827586206895,0.6545454545454545,0.30769230769230765,0.6785714285714285,0.6,0.1985702938840349,0.4285714285714285,0.5397727272727275,0.5744680851063828,0.2526636225266361,True,True,False,False,False,True,False,False,False,True,False,False,False,False,False,False,False,False,False,False,False,False,False,False,False,False,True,False,False
0.30000000000000004,0.5449844881075492,0.03975535168195719,0.3977364591754244,0.13026819923371646,0.5545454545454546,0.1715976331360946,0.6785714285714285,0.6,0.1985702938840349,0.4285714285714285,0.5397727272727275,0.5744680851063828,0.2526636225266361,True,True,False,True,False,False,False,False,False,True,False,False,False,False,False,False,False,False,False,False,False,False,False,False,False,False,True,False,False
0.30000000000000004,0.296794208893485,0.02446483180428135,0.19159256265157637,0.030651340996168563,0.36363636363636365,0.3905325443786982,0.3611111111111111,0.3,0.1985702938840349,0.4285714285714285,0.5397727272727275,0.5744680851063828,0.2526636225266361,True,True,False,False,False,True,False,False,False,True,False,False,False,False,False,False,False,False,False,False,False,False,False,False,False,False,True,False,False
0.375,0.8759048603929678,0.01834862385321101,0.3977364591754244,0.26053639846743293,0.6454545454545454,0.2662721893491124,0.6587301587301586,1.0,0.14853057982525814,0.7142857142857143,0.6293706293706296,0.787234042553191,0.7016742770167426,True,True,False,True,False,False,False,False,False,False,False,False,False,False,False,False,False,False,False,True,False,False,False,False,False,True,False,False,False
0.30000000000000004,0.8759048603929678,0.01834862385321101,0.19159256265157637,0.23754789272030652,0.6636363636363636,0.42603550295857984,0.6587301587301586,0.64,0.14853057982525814,0.7142857142857143,0.6293706293706296,0.787234042553191,0.7016742770167426,True,True,False,False,False,True,False,False,False,False,False,False,False,False,False,False,False,False,False,True,False,False,False,False,False,True,False,False,False
0.375,0.8759048603929678,0.01834862385321101,0.4745351657235246,0.26053639846743293,0.6272727272727272,0.17751479289940825,0.6587301587301586,1.0,0.14853057982525814,0.7142857142857143,0.6293706293706296,0.787234042553191,0.7016742770167426,True,True,False,True,False,False,False,False,False,False,False,False,False,False,False,False,False,False,False,True,False,False,False,False,False,True,False,False,False
0.17500000000000004,0.28024819027921405,0.01834862385321101,0.11479385610347616,0.07279693486590039,0.2909090909090909,0.3905325443786982,0.08333333333333333,0.12000000000000001,0.25019857029388404,0.4285714285714285,0.32124125874125875,0.457446808510638,0.3744292237442921,True,True,False,False,True,False,False,False,False,False,False,False,False,False,False,True,False,False,False,False,False,False,False,False,False,True,False,False,False
0.22499999999999998,0.4560496380558428,0.01834862385321101,0.11479385610347616,0.13409961685823757,0.4636363636363636,0.33136094674556205,0.22619047619047622,0.3,0.25019857029388404,0.4285714285714285,0.32124125874125875,0.457446808510638,0.3744292237442921,True,True,False,False,True,False,False,False,False,False,False,False,False,False,False,True,False,False,False,False,False,False,False,False,False,True,False,False,False
0.375,0.655635987590486,0.045871559633027525,0.47130153597413094,0.3793103448275862,0.44545454545454544,0.1538461538461538,0.2222222222222222,0.3,0.28117553613979346,0.4285714285714285,0.46416083916083917,0.8531914893617021,0.36073059360730575,True,True,False,True,False,False,False,False,False,False,False,False,False,False,False,False,False,True,False,False,False,False,False,False,False,True,False,False,False
0.125,0.3050672182006204,0.003822629969418961,0.11883589329021828,0.08812260536398464,0.3181818181818181,0.4023668639053254,0.2222222222222222,0.0,0.1620333598093725,0.4285714285714285,0.20279720279720292,0.3531914893617021,0.30289193302891926,True,True,False,False,True,False,False,False,False,False,False,False,False,False,False,True,False,False,False,False,False,False,False,False,False,True,False,False,False
0.275,0.5449844881075492,0.01834862385321101,0.18755052546483425,0.14942528735632188,0.42727272727272725,0.3727810650887573,0.24206349206349204,0.4,0.3169181890389198,0.4285714285714285,0.4073426573426575,0.676595744680851,0.5266362252663623,True,True,False,False,True,False,False,False,False,False,False,False,False,False,False,False,True,False,False,False,False,False,False,False,False,True,False,False,False
0.25,0.5243019648397105,0.01834862385321101,0.18270008084074374,0.1800766283524904,0.42727272727272725,0.34911242603550285,0.2222222222222222,0.6,0.546465448768864,0.4285714285714285,0.47858391608391626,0.5957446808510634,0.602739726027397,True,True,False,False,True,False,False,False,False,False,False,False,False,False,False,False,True,False,False,False,False,False,False,False,False,True,False,False,False
0.22499999999999998,0.5863495346432264,0.01834862385321101,0.13742926434923203,0.11494252873563215,0.5818181818181818,0.32544378698224846,0.30158730158730157,0.4,0.2454328832406672,0.4285714285714285,0.2972027972027973,0.5106382978723403,0.35159817351598166,True,True,False,False,True,False,False,False,False,False,False,False,False,False,False,True,False,False,False,False,False,False,False,False,False,True,False,False,False
0.22499999999999998,0.34850051706308166,0.01834862385321101,0.13742926434923203,0.09195402298850575,0.34545454545454546,0.31360946745562124,0.20238095238095238,0.12000000000000001,0.2454328832406672,0.4285714285714285,0.2972027972027973,0.5106382978723403,0.35159817351598166,True,True,False,False,True,False,False,False,False,False,False,False,False,False,False,True,False,False,False,False,False,False,False,False,False,True,False,False,False
0.22499999999999998,0.5863495346432264,0.01834862385321101,0.13742926434923203,0.08812260536398464,0.6181818181818182,0.32544378698224846,0.30158730158730157,0.4,0.2255758538522637,0.4285714285714285,0.3540209790209792,0.5319148936170213,0.237442922374429,True,True,False,False,True,False,False,False,True,False,False,False,False,False,False,False,False,False,False,False,False,False,False,True,False,False,False,False,False
0.22499999999999998,0.34850051706308166,0.01834862385321101,0.13742926434923203,0.09578544061302685,0.3727272727272727,0.30769230769230765,0.20238095238095238,0.4,0.2255758538522637,0.4285714285714285,0.3540209790209792,0.5319148936170213,0.237442922374429,True,True,False,False,True,False,False,False,True,False,False,False,False,False,False,False,False,False,False,False,False,False,False,True,False,False,False,False,False
0.22499999999999998,0.5863495346432264,0.01834862385321101,0.13742926434923203,0.05747126436781608,0.6545454545454545,0.32544378698224846,0.30158730158730157,0.4,0.2692613185067514,0.4285714285714285,0.48513986013986043,0.5319148936170213,0.22983257229832565,True,True,False,False,True,False,False,False,True,False,False,False,False,False,False,False,False,False,False,False,False,False,False,False,False,False,True,False,False
0.22499999999999998,0.34850051706308166,0.01834862385321101,0.13742926434923203,0.07279693486590039,0.4,0.30769230769230765,0.20238095238095238,0.4,0.2692613185067514,0.4285714285714285,0.48513986013986043,0.5319148936170213,0.22983257229832565,True,True,False,False,True,False,False,False,True,False,False,False,False,False,False,False,False,False,False,False,False,False,False,False,False,False,True,False,False
0.675,0.6070320579110651,0.03975535168195719,0.5311236863379143,0.26436781609195403,0.4545454545454545,0.0769230769230769,0.6984126984126984,0.7200000000000001,0.26131850675138996,0.4285714285714285,0.4698426573426575,0.5957446808510634,0.3287671232876712,True,True,False,True,False,False,False,False,False,False,False,False,False,False,False,False,True,False,False,False,False,False,False,False,False,True,False,False,False
0.30000000000000004,0.6070320579110651,0.03975535168195719,0.19159256265157637,0.13026819923371646,0.5818181818181818,0.301775147928994,0.6984126984126984,0.7200000000000001,0.2692613185067514,0.4285714285714285,0.4698426573426575,0.5744680851063828,0.3744292237442921,True,True,False,False,False,True,False,False,False,False,False,False,False,False,False,False,True,False,False,False,False,False,False,False,False,True,False,False,False
0.30000000000000004,0.6070320579110651,0.03975535168195719,0.3977364591754244,0.1724137931034483,0.5545454545454546,0.17751479289940825,0.6984126984126984,0.7200000000000001,0.2692613185067514,0.4285714285714285,0.4698426573426575,0.5744680851063828,0.3744292237442921,True,True,False,True,False,False,False,False,False,False,False,False,False,False,False,False,True,False,False,False,False,False,False,False,False,True,False,False,False
0.30000000000000004,0.4002068252326783,0.027522935779816515,0.19159256265157637,0.11877394636015326,0.38181818181818183,0.38461538461538447,0.4801587301587302,0.3,0.2692613185067514,0.4285714285714285,0.4698426573426575,0.5744680851063828,0.3744292237442921,True,True,False,False,False,True,False,False,False,False,False,False,False,False,False,False,True,False,False,False,False,False,False,False,False,True,False,False,False
0.32500000000000007,0.5346432264736298,0.035168195718654434,0.19159256265157637,0.2145593869731801,0.4,0.3727810650887573,0.5198412698412698,0.36000000000000004,0.14455917394757745,0.7142857142857143,0.6075174825174825,0.787234042553191,0.6484018264840183,True,True,False,False,False,True,False,False,False,False,False,False,False,False,False,False,False,False,False,True,False,False,False,False,False,True,False,False,False
0.375,0.7724922440537745,0.0489296636085627,0.39369442198868226,0.30268199233716475,0.5454545454545454,0.2248520710059171,0.6547619047619047,1.0,0.14455917394757745,0.7142857142857143,0.6075174825174825,0.787234042553191,0.6484018264840183,True,True,False,True,False,False,False,False,False,False,False,False,False,False,False,False,False,False,False,True,False,False,False,False,False,True,False,False,False
0.4750000000000001,0.7724922440537745,0.0489296636085627,0.5068714632174616,0.31034482758620685,0.5181818181818182,0.14201183431952658,0.6547619047619047,1.0,0.14455917394757745,0.7142857142857143,0.6097027972027971,0.787234042553191,0.6484018264840183,True,True,False,True,False,False,False,False,False,False,False,False,False,False,False,False,False,False,False,True,False,False,False,False,False,True,False,False,False
0.375,0.7724922440537745,0.0489296636085627,0.4745351657235246,0.31034482758620685,0.5272727272727272,0.18343195266272183,0.6547619047619047,1.0,0.14455917394757745,0.7142857142857143,0.6097027972027971,0.787234042553191,0.6864535768645359,True,True,False,True,False,False,False,False,False,False,False,False,False,False,False,False,False,False,False,True,False,False,False,False,False,True,False,False,False
0.30000000000000004,0.7724922440537745,0.0489296636085627,0.19159256265157637,0.23754789272030652,0.5727272727272728,0.42603550295857984,0.6547619047619047,0.36000000000000004,0.14455917394757745,0.7142857142857143,0.6075174825174825,0.787234042553191,0.6484018264840183,True,True,False,False,False,True,False,False,False,False,False,False,False,False,False,False,False,False,False,True,False,False,False,False,False,True,False,False,False
0.20999999999999996,0.4498448810754912,0.0030581039755351695,0.11479385610347616,0.11877394636015326,0.4545454545454545,0.33136094674556205,0.16269841269841273,0.3,0.25734710087370927,0.4285714285714285,0.3496503496503498,0.457446808510638,0.36681887366818877,True,True,False,False,True,False,False,False,False,False,False,False,False,False,False,False,True,False,False,False,False,False,False,False,False,True,False,False,False
0.125,0.27714581178903824,0.0030581039755351695,0.11883589329021828,0.04980842911877398,0.3181818181818181,0.35502958579881644,0.20238095238095238,0.0,0.12549642573471007,0.4285714285714285,0.20104895104895104,0.31914893617021267,0.16894977168949765,True,True,False,False,True,False,False,True,False,False,False,False,False,False,False,False,False,False,False,False,False,False,False,True,False,False,False,False,False
0.22499999999999998,0.5025853154084798,0.01834862385321101,0.16734033953112365,0.2183908045977011,0.3909090909090909,0.31360946745562124,0.16269841269841273,0.6,0.2255758538522637,0.4285714285714285,0.4890734265734267,0.6170212765957448,0.5342465753424657,True,True,False,False,False,True,False,False,False,False,False,False,False,False,False,False,False,True,False,False,False,False,False,False,False,True,False,False,False
0.025000000000000022,0.15201654601861425,0.01834862385321101,0.03637833468067907,0.10344827586206895,0.16363636363636366,0.6213017751479288,0.003968253968253968,0.4,0.046862589356632234,0.2857142857142857,0.0,0.08936170212765937,0.3774733637747336,True,True,False,False,True,False,True,False,False,False,False,False,False,False,False,False,False,False,False,False,False,False,False,True,False,False,False,False,False
0.17500000000000004,0.4415718717683557,0.0030581039755351695,0.12368633791430882,0.15325670498084287,0.4181818181818182,0.34319526627218927,0.28174603174603174,0.3,0.2946783161239078,0.4285714285714285,0.46765734265734293,0.5319148936170213,0.41248097412480966,True,True,False,False,True,False,False,False,False,False,False,False,False,False,False,False,True,False,False,False,False,False,False,False,False,True,False,False,False
0.17500000000000004,0.4415718717683557,0.0030581039755351695,0.26030719482619236,0.1877394636015326,0.3909090909090909,0.20118343195266264,0.28174603174603174,0.3,0.2946783161239078,0.4285714285714285,0.5179195804195804,0.6063829787234045,0.46575342465753433,True,True,False,True,False,False,False,False,False,False,False,False,False,False,False,False,False,True,False,False,False,False,False,False,False,True,False,False,False
0.17500000000000004,0.4415718717683557,0.0030581039755351695,0.15117219078415522,0.13793103448275867,0.3727272727272727,0.31360946745562124,0.023809523809523822,0.0,0.13105639396346308,0.4285714285714285,0.38243006993007,0.4893617021276593,0.3287671232876712,True,False,True,False,True,False,False,False,False,False,False,False,False,False,False,False,True,False,False,False,False,False,False,False,False,True,False,False,False
0.625,0.9069286452947258,0.01834862385321101,0.48261924009700885,0.3639846743295019,0.6545454545454545,0.136094674556213,0.9126984126984126,0.9,0.3653693407466243,0.4285714285714285,0.6481643356643358,0.8702127659574463,0.45814307458143055,True,True,False,True,False,False,False,False,False,False,False,False,False,False,False,False,False,False,False,True,False,False,False,False,False,True,False,False,False
0.675,0.9069286452947258,0.01834862385321101,0.7049312853678253,0.6015325670498084,0.5818181818181818,0.04142011834319523,0.9126984126984126,0.9,0.3653693407466243,0.4285714285714285,0.6481643356643358,0.8702127659574463,0.4672754946727551,True,True,False,True,False,False,False,False,False,False,False,False,False,False,False,False,False,False,False,True,False,False,False,False,False,True,False,False,False
0.625,0.9069286452947258,0.01834862385321101,0.48261924009700885,0.4329501915708812,0.6272727272727272,0.136094674556213,0.9126984126984126,0.9,0.3653693407466243,0.4285714285714285,0.6481643356643358,0.8702127659574463,0.45814307458143055,True,True,False,True,False,False,False,False,False,False,False,False,False,False,False,False,False,False,False,True,False,False,False,False,False,True,False,False,False
0.625,0.8024819027921406,0.01834862385321101,0.48261924009700885,0.34099616858237547,0.7,0.11834319526627216,0.8373015873015872,0.9,0.284352660841938,0.4285714285714285,0.6638986013986017,0.8404255319148932,0.20547945205479445,True,True,False,True,False,False,False,False,False,False,False,True,False,False,False,False,False,False,False,False,False,False,False,False,True,False,False,False,False
0.655,0.8024819027921406,0.01834862385321101,0.7049312853678253,0.4521072796934865,0.6,0.035502958579881616,0.8373015873015872,0.49000000000000005,0.284352660841938,0.4285714285714285,0.6638986013986017,0.8404255319148932,0.20547945205479445,True,True,False,True,False,False,False,False,False,False,False,True,False,False,False,False,False,False,False,False,False,False,False,False,True,False,False,False,False
0.625,0.8024819027921406,0.01834862385321101,0.48261924009700885,0.34099616858237547,0.7,0.11834319526627216,0.8373015873015872,0.9,0.284352660841938,0.4285714285714285,0.6638986013986017,0.8404255319148932,0.20547945205479445,True,True,False,True,False,False,False,False,False,False,False,True,False,False,False,False,False,False,False,False,False,False,False,False,True,False,False,False,False
0.7250000000000001,0.9379524301964839,0.8318042813455657,0.8787388843977364,0.13026819923371646,0.9636363636363635,0.04733727810650884,0.615079365079365,0.0,0.2422557585385226,0.4285714285714285,0.59222027972028,0.7000000000000002,0.12328767123287676,True,True,False,True,False,False,False,False,False,False,False,True,False,False,False,False,False,False,False,False,False,False,False,False,False,False,True,False,False
0.375,0.7311271975180971,0.6788990825688075,0.25626515763945024,0.08045977011494254,0.7818181818181819,0.14792899408284022,0.5198412698412698,0.0,0.2422557585385226,0.4285714285714285,0.59222027972028,0.7000000000000002,0.12328767123287676,True,True,False,False,False,True,False,False,False,False,False,True,False,False,False,False,False,False,False,False,False,False,False,False,False,False,True,False,False
0.625,0.7311271975180971,0.6788990825688075,0.25626515763945024,0.12643678160919536,0.809090909090909,0.059171597633136064,0.5198412698412698,0.0,0.2422557585385226,0.4285714285714285,0.59222027972028,0.7000000000000002,0.12328767123287676,True,True,False,True,False,False,False,False,False,False,False,True,False,False,False,False,False,False,False,False,False,False,False,False,False,False,True,False,False
0.275,0.45191313340227507,0.01834862385321101,0.1859337105901374,0.15325670498084287,0.42727272727272725,0.19526627218934905,0.24206349206349204,0.64,0.2057188244638602,0.4285714285714285,0.3671328671328673,0.5,0.3713850837138506,True,True,False,False,False,True,False,False,False,False,False,False,False,False,False,False,True,False,False,False,False,False,False,False,False,True,False,False,False
0.375,0.5491209927611169,0.01834862385321101,0.4947453516572352,0.22605363984674332,0.47272727272727266,0.059171597633136064,0.2222222222222222,0.4,0.07783955520254168,0.0,0.3999125874125875,0.6446808510638293,0.0,True,True,False,True,False,False,False,False,False,False,False,False,True,False,False,False,False,False,False,False,False,True,False,False,False,False,False,False,False
0.35,0.5491209927611169,0.01834862385321101,0.2926434923201293,0.14176245210727967,0.5272727272727272,0.16568047337278102,0.2222222222222222,0.4,0.07783955520254168,0.0,0.3999125874125875,0.6446808510638293,0.0,True,True,False,False,False,True,False,False,False,False,False,False,True,False,False,False,False,False,False,False,False,True,False,False,False,False,False,False,False
0.17500000000000004,0.3050672182006204,0.0040774719673802255,0.11075181891673404,0.13793103448275867,0.29999999999999993,0.32544378698224846,0.15476190476190477,0.2,0.16838760921366164,0.4285714285714285,0.2915209790209792,0.48085106382978715,0.26636225266362246,True,True,False,False,False,True,False,False,True,False,False,False,False,False,False,False,False,False,False,False,False,False,False,True,False,False,False,False,False
0.17500000000000004,0.4177869700103413,0.0040774719673802255,0.11075181891673404,0.12643678160919536,0.40909090909090906,0.3372781065088757,0.34523809523809523,0.2,0.16838760921366164,0.4285714285714285,0.2915209790209792,0.48085106382978715,0.26636225266362246,True,True,False,False,False,True,False,False,True,False,False,False,False,False,False,False,False,False,False,False,False,False,False,True,False,False,False,False,False
0.275,0.5491209927611169,0.01834862385321101,0.19159256265157637,0.13026819923371646,0.5272727272727272,0.2544378698224851,0.32142857142857145,0.2,0.16838760921366164,0.4285714285714285,0.2915209790209792,0.48085106382978715,0.28462709284627064,True,True,False,False,False,True,False,False,True,False,False,False,False,False,False,False,False,False,False,False,False,False,False,True,False,False,False,False,False
0.375,0.4177869700103413,0.0040774719673802255,0.39369442198868226,0.1954022988505747,0.3363636363636363,0.09467455621301771,0.34523809523809523,0.2,0.16838760921366164,0.4285714285714285,0.2915209790209792,0.48085106382978715,0.28462709284627064,True,True,False,True,False,False,False,False,True,False,False,False,False,False,False,False,False,False,False,False,False,False,False,True,False,False,False,False,False
0.30000000000000004,0.3733195449844881,0.01834862385321101,0.13500404203718674,0.16091954022988508,0.36363636363636365,0.32544378698224846,0.12301587301587301,0.2,0.2605242255758538,0.4285714285714285,0.42832167832167833,0.44255319148936145,0.3257229832572297,True,True,False,False,True,False,False,False,True,False,False,False,False,False,False,False,False,False,False,False,False,False,False,False,False,False,False,False,True
0.30000000000000004,0.2554291623578076,0.01834862385321101,0.13500404203718674,0.14942528735632188,0.23636363636363636,0.32544378698224846,0.09523809523809522,0.2,0.2605242255758538,0.4285714285714285,0.42832167832167833,0.44255319148936145,0.3257229832572297,True,True,False,False,True,False,False,False,True,False,False,False,False,False,False,False,False,False,False,False,False,False,False,False,False,False,False,False,True
0.22499999999999998,0.2668045501551189,0.01834862385321101,0.11075181891673404,0.11494252873563215,0.2545454545454545,0.34319526627218927,0.20238095238095238,0.3,0.2398729150119142,0.4285714285714285,0.37412587412587417,0.5085106382978721,0.4444444444444442,True,True,False,False,False,True,False,False,False,False,False,False,False,False,False,False,True,False,False,False,False,False,False,False,False,True,False,False,False
0.32500000000000007,0.42192347466390895,0.01834862385321101,0.19159256265157637,0.09578544061302685,0.4181818181818182,0.2426035502958579,0.24206349206349204,0.3,0.2398729150119142,0.4285714285714285,0.37412587412587417,0.5085106382978721,0.4444444444444442,True,True,False,False,False,True,False,False,False,False,False,False,False,False,False,False,True,False,False,False,False,False,False,False,False,True,False,False,False
0.25,0.4860392967942088,0.01834862385321101,0.13500404203718674,0.1762452107279694,0.42727272727272725,0.3668639053254437,0.2103174603174603,0.2,0.23590150913423352,0.4285714285714285,0.3072552447552448,0.42340425531914905,0.487062404870624,True,True,False,False,True,False,False,False,False,False,False,False,False,False,False,True,False,False,False,False,False,False,False,False,False,True,False,False,False
0.25,0.28645294725956566,0.01834862385321101,0.13500404203718674,0.16858237547892718,0.23636363636363636,0.37869822485207094,0.08333333333333333,0.2,0.23590150913423352,0.4285714285714285,0.3072552447552448,0.42340425531914905,0.487062404870624,True,True,False,False,True,False,False,False,False,False,False,False,False,False,False,True,False,False,False,False,False,False,False,False,False,True,False,False,False
0.825,0.6380558428128231,0.01834862385321101,0.9999999999999999,0.34099616858237547,0.47272727272727266,0.035502958579881616,0.6388888888888888,0.4,0.0,0.2857142857142857,0.5882867132867133,0.738297872340425,0.05479452054794498,True,True,False,True,False,False,False,False,False,False,False,True,False,False,False,False,False,False,False,False,False,True,False,False,False,False,False,False,False
1.0,0.6380558428128231,0.01834862385321101,0.9999999999999999,0.27969348659003834,0.5181818181818182,0.029585798816568032,0.7460317460317459,0.4,0.09451945988880062,0.2857142857142857,0.5852272727272729,0.738297872340425,0.0365296803652968,True,True,False,True,False,False,False,False,False,False,False,True,False,False,False,False,False,False,False,False,False,False,True,False,False,False,False,False,False
0.4750000000000001,0.7621509824198551,0.01834862385321101,0.5715440582053355,0.4252873563218391,0.4818181818181818,0.11242603550295852,0.32142857142857145,0.7200000000000001,0.30500397140587765,0.4285714285714285,0.5441433566433567,0.719148936170213,0.49010654490106553,True,True,False,True,False,False,False,False,False,False,False,False,False,False,False,False,False,False,True,False,False,False,False,False,False,True,False,False,False
0.275,0.6483971044467425,0.01834862385321101,0.19159256265157637,0.32950191570881227,0.4181818181818182,0.41420118343195256,0.29365079365079366,0.4,0.2533756949960286,0.7142857142857143,0.7211538461538463,0.829787234042553,0.7777777777777777,True,True,False,False,True,False,False,False,False,False,False,False,False,False,False,False,False,False,False,False,True,False,False,False,False,False,False,True,False
0.25,0.4622543950361944,0.01834862385321101,0.16734033953112365,0.11111111111111116,0.4636363636363636,0.3195266272189348,0.3611111111111111,0.6,0.2422557585385226,0.4285714285714285,0.5686188811188813,0.5957446808510634,0.24657534246575352,True,True,False,False,False,True,False,False,False,True,False,False,False,False,False,False,False,False,False,False,False,False,False,False,True,False,False,False,False
0.25,0.5553257497414685,0.01834862385321101,0.16734033953112365,0.10344827586206895,0.5545454545454546,0.33136094674556205,0.16269841269841273,0.6,0.2422557585385226,0.4285714285714285,0.5686188811188813,0.5957446808510634,0.24657534246575352,True,True,False,False,False,True,False,False,False,True,False,False,False,False,False,False,False,False,False,False,False,False,False,False,True,False,False,False,False
0.42500000000000004,0.6587383660806618,0.01834862385321101,0.17946645109135,0.04980842911877398,0.7818181818181819,0.2662721893491124,0.8174603174603173,0.6,0.2017474185861795,0.4285714285714285,0.4820804195804196,0.5212765957446805,0.21156773211567703,True,True,False,False,False,True,False,False,False,True,False,False,False,False,False,False,False,False,False,False,False,False,False,False,False,False,True,False,False
0.42500000000000004,0.6587383660806618,0.01834862385321101,0.3249797898140663,0.06513409961685823,0.7545454545454545,0.15976331360946744,0.8174603174603173,0.7200000000000001,0.2017474185861795,0.4285714285714285,0.4820804195804196,0.5212765957446805,0.21156773211567703,True,True,False,True,False,False,False,False,False,True,False,False,False,False,False,False,False,False,False,False,False,False,False,False,False,False,True,False,False
0.17500000000000004,0.4674250258531541,0.029051987767584102,0.2198868229587712,0.14176245210727967,0.47272727272727266,0.37869822485207094,0.28174603174603174,0.6,0.15011914217633043,0.4285714285714285,0.36844405594405605,0.47659574468085086,0.4429223744292239,True,True,False,False,True,False,False,False,False,False,False,False,False,False,False,False,True,False,False,False,False,False,False,False,False,True,False,False,False
0.17500000000000004,0.5087900723888314,0.01834862385321101,0.2198868229587712,0.12643678160919536,0.5181818181818182,0.37869822485207094,0.24206349206349204,0.6,0.15011914217633043,0.4285714285714285,0.36844405594405605,0.47659574468085086,0.4429223744292239,True,True,False,False,True,False,False,False,False,False,False,False,False,False,False,False,True,False,False,False,False,False,False,False,False,True,False,False,False
0.17500000000000004,0.4674250258531541,0.029051987767584102,0.22392886014551333,0.2030651340996169,0.3909090909090909,0.32544378698224846,0.28174603174603174,0.7200000000000001,0.15011914217633043,0.4285714285714285,0.36844405594405605,0.47659574468085086,0.4429223744292239,True,True,False,True,False,False,False,False,False,False,False,False,False,False,False,False,True,False,False,False,False,False,False,False,False,True,False,False,False
0.17500000000000004,0.4674250258531541,0.029051987767584102,0.3290218270008084,0.2030651340996169,0.3909090909090909,0.2248520710059171,0.28174603174603174,0.7200000000000001,0.15011914217633043,0.4285714285714285,0.36844405594405605,0.47659574468085086,0.4429223744292239,True,True,False,True,False,False,False,False,False,False,False,False,False,False,False,False,True,False,False,False,False,False,False,False,False,True,False,False,False
0.17500000000000004,0.5087900723888314,0.01834862385321101,0.2198868229587712,0.16475095785440608,0.509090909090909,0.39644970414201175,0.24206349206349204,0.56,0.2732327243844321,0.7142857142857143,0.465034965034965,0.47659574468085086,0.5144596651445967,True,True,False,False,True,False,False,False,False,False,False,False,False,False,False,False,True,False,False,False,False,False,False,False,False,True,False,False,False
0.17500000000000004,0.4674250258531541,0.029051987767584102,0.22392886014551333,0.22605363984674332,0.38181818181818183,0.34319526627218927,0.28174603174603174,0.68,0.2732327243844321,0.7142857142857143,0.465034965034965,0.47659574468085086,0.5144596651445967,True,True,False,True,False,False,False,False,False,False,False,False,False,False,False,False,True,False,False,False,False,False,False,False,False,True,False,False,False
0.17500000000000004,0.4674250258531541,0.029051987767584102,0.3290218270008084,0.22605363984674332,0.38181818181818183,0.2366863905325443,0.28174603174603174,0.68,0.2732327243844321,0.7142857142857143,0.465034965034965,0.47659574468085086,0.5144596651445967,True,True,False,True,False,False,False,False,False,False,False,False,False,False,False,False,True,False,False,False,False,False,False,False,False,True,False,False,False
0.42500000000000004,0.7001034126163392,0.01834862385321101,0.35327405012126106,0.2068965517241379,0.7090909090909091,0.301775147928994,0.3611111111111111,0.3,0.221604447974583,0.4285714285714285,0.5795454545454546,0.6297872340425528,0.2648401826484017,True,True,False,False,False,True,False,False,False,False,True,False,False,False,False,False,False,False,False,False,False,False,False,False,False,False,True,False,False
0.42500000000000004,0.71664943123061,0.03669724770642202,0.5270816491511722,0.24521072796934862,0.6909090909090909,0.2426035502958579,0.4444444444444445,0.68,0.221604447974583,0.4285714285714285,0.5795454545454546,0.6297872340425528,0.2648401826484017,True,True,False,True,False,False,False,False,False,False,True,False,False,False,False,False,False,False,False,False,False,False,False,False,False,False,True,False,False
0.42500000000000004,0.7724922440537745,0.01834862385321101,0.3654001616814874,0.210727969348659,0.7636363636363636,0.2544378698224851,0.4444444444444445,0.3,0.221604447974583,0.4285714285714285,0.5795454545454546,0.6297872340425528,0.27549467275494655,True,True,False,False,False,True,False,False,False,False,True,False,False,False,False,False,False,False,False,False,False,False,False,False,False,False,True,False,False
0.42500000000000004,0.71664943123061,0.03669724770642202,0.6022635408245756,0.24521072796934862,0.6727272727272727,0.14792899408284022,0.4444444444444445,0.68,0.221604447974583,0.4285714285714285,0.5795454545454546,0.6297872340425528,0.2648401826484017,True,True,False,True,False,False,False,False,False,False,True,False,False,False,False,False,False,False,False,False,False,False,False,False,False,False,True,False,False
0.42500000000000004,0.71664943123061,0.03669724770642202,0.6022635408245756,0.3754789272030651,0.5727272727272728,0.11834319526627216,0.4444444444444445,0.68,0.221604447974583,0.4285714285714285,0.5874125874125875,0.6297872340425528,0.2526636225266361,True,True,False,True,False,False,False,False,False,False,True,False,False,False,False,False,False,False,False,False,False,False,False,False,False,False,True,False,False
0.4750000000000001,0.71664943123061,0.03669724770642202,0.6766370250606305,0.3793103448275862,0.5727272727272728,0.0769230769230769,0.4444444444444445,0.68,0.221604447974583,0.4285714285714285,0.5874125874125875,0.6297872340425528,0.2526636225266361,True,True,False,True,False,False,False,False,False,False,True,False,False,False,False,False,False,False,False,False,False,False,False,False,False,False,True,False,False
0.42500000000000004,0.71664943123061,0.01834862385321101,0.35327405012126106,0.27969348659003834,0.5727272727272728,0.3195266272189348,0.4444444444444445,0.3,0.2930897537728356,0.4285714285714285,0.5432692307692308,0.7021276595744679,0.541856925418569,True,True,False,False,False,True,False,False,False,False,False,False,False,False,False,False,False,False,True,False,False,False,False,False,False,True,False,False,False
0.42500000000000004,0.71664943123061,0.01834862385321101,0.5270816491511722,0.30651340996168586,0.5454545454545454,0.2603550295857987,0.4444444444444445,0.7200000000000001,0.2930897537728356,0.4285714285714285,0.5432692307692308,0.7021276595744679,0.541856925418569,True,True,False,True,False,False,False,False,False,False,False,False,False,False,False,False,False,False,True,False,False,False,False,False,False,True,False,False,False
0.42500000000000004,0.7724922440537745,0.01834862385321101,0.3654001616814874,0.210727969348659,0.6181818181818182,0.2781065088757396,0.4444444444444445,0.3,0.2930897537728356,0.4285714285714285,0.5432692307692308,0.7021276595744679,0.541856925418569,True,True,False,False,False,True,False,False,False,False,False,False,False,False,False,False,False,False,True,False,False,False,False,False,False,True,False,False,False
0.42500000000000004,0.7724922440537745,0.01834862385321101,0.6022635408245756,0.29885057471264365,0.5818181818181818,0.15976331360946744,0.4444444444444445,0.7200000000000001,0.2930897537728356,0.4285714285714285,0.5432692307692308,0.7021276595744679,0.541856925418569,True,True,False,True,False,False,False,False,False,False,False,False,False,False,False,False,False,False,True,False,False,False,False,False,False,True,False,False,False
0.42500000000000004,0.71664943123061,0.03669724770642202,0.6022635408245756,0.4022988505747126,0.5272727272727272,0.12426035502958577,0.4444444444444445,0.7200000000000001,0.2930897537728356,0.4285714285714285,0.5502622377622379,0.7021276595744679,0.5220700152207001,True,True,False,True,False,False,False,False,False,False,False,False,False,False,False,False,False,False,True,False,False,False,False,False,False,True,False,False,False
0.575,0.71664943123061,0.03669724770642202,0.7170573969280517,0.5095785440613027,0.5181818181818182,0.0769230769230769,0.4444444444444445,0.7200000000000001,0.2930897537728356,0.4285714285714285,0.5502622377622379,0.7021276595744679,0.5220700152207001,True,True,False,True,False,False,False,False,False,False,False,False,False,False,False,False,False,False,True,False,False,False,False,False,False,True,False,False,False
0.42500000000000004,0.7724922440537745,0.03669724770642202,0.3654001616814874,0.2145593869731801,0.7909090909090909,0.2662721893491124,0.40079365079365076,0.3,0.37251787132644953,0.4285714285714285,0.7006118881118883,0.6723404255319148,0.27853881278538806,True,True,False,False,False,True,False,False,False,False,False,True,False,False,False,False,False,False,False,False,False,False,False,False,False,False,True,False,False
0.42500000000000004,1.0,0.01834862385321101,0.555375909458367,0.27203065134099613,0.9454545454545454,0.20710059171597628,0.5198412698412698,0.68,0.37251787132644953,0.4285714285714285,0.7006118881118883,0.6723404255319148,0.28767123287671215,True,True,False,True,False,False,False,False,False,False,False,True,False,False,False,False,False,False,False,False,False,False,False,False,False,False,True,False,False
0.42500000000000004,1.0,0.01834862385321101,0.3678253839935327,0.24521072796934862,0.9999999999999999,0.2366863905325443,0.5198412698412698,0.3,0.37251787132644953,0.4285714285714285,0.7006118881118883,0.6723404255319148,0.28767123287671215,True,True,False,False,False,True,False,False,False,False,False,True,False,False,False,False,False,False,False,False,False,False,False,False,False,False,True,False,False
0.42500000000000004,1.0,0.01834862385321101,0.5780113177041228,0.27203065134099613,0.9181818181818181,0.15976331360946744,0.5198412698412698,0.68,0.37251787132644953,0.4285714285714285,0.7006118881118883,0.6723404255319148,0.28767123287671215,True,True,False,True,False,False,False,False,False,False,False,True,False,False,False,False,False,False,False,False,False,False,False,False,False,False,True,False,False
0.42500000000000004,1.0,0.01834862385321101,0.6022635408245756,0.27203065134099613,0.9181818181818181,0.1301775147928994,0.5198412698412698,0.68,0.37251787132644953,0.4285714285714285,0.7006118881118883,0.6723404255319148,0.28767123287671215,True,True,False,True,False,False,False,False,False,False,False,True,False,False,False,False,False,False,False,False,False,False,False,False,False,False,True,False,False
0.625,1.0,0.01834862385321101,0.7332255456750202,0.4329501915708812,0.8181818181818182,0.07100591715976329,0.5198412698412698,0.68,0.37251787132644953,0.4285714285714285,0.7006118881118883,0.6723404255319148,0.28767123287671215,True,True,False,True,False,False,False,False,False,False,False,True,False,False,False,False,False,False,False,False,False,False,False,False,False,False,True,False,False
0.42500000000000004,1.0,0.01834862385321101,0.555375909458367,0.3448275862068966,0.7181818181818181,0.23076923076923067,0.5198412698412698,0.7200000000000001,0.392374900714853,0.7142857142857143,0.6577797202797204,0.7425531914893613,0.5920852359208522,True,True,False,True,False,False,False,False,False,False,False,False,False,False,False,False,False,False,False,True,False,False,False,False,False,True,False,False,False
0.42500000000000004,1.0,0.01834862385321101,0.3678253839935327,0.32950191570881227,0.7363636363636363,0.272189349112426,0.5198412698412698,0.3,0.392374900714853,0.7142857142857143,0.6577797202797204,0.7425531914893613,0.5920852359208522,True,True,False,False,False,True,False,False,False,False,False,False,False,False,False,False,False,False,False,True,False,False,False,False,False,True,False,False,False
0.42500000000000004,1.0,0.01834862385321101,0.5780113177041228,0.3448275862068966,0.7181818181818181,0.18343195266272183,0.5198412698412698,0.7200000000000001,0.392374900714853,0.7142857142857143,0.6577797202797204,0.7425531914893613,0.5920852359208522,True,True,False,True,False,False,False,False,False,False,False,False,False,False,False,False,False,False,False,True,False,False,False,False,False,True,False,False,False
0.42500000000000004,1.0,0.01834862385321101,0.6022635408245756,0.3448275862068966,0.7181818181818181,0.14792899408284022,0.5198412698412698,0.7200000000000001,0.2533756949960286,0.7142857142857143,0.6577797202797204,0.7425531914893613,0.5920852359208522,True,True,False,True,False,False,False,False,False,False,False,False,False,False,False,False,False,False,False,True,False,False,False,False,False,True,False,False,False
0.42500000000000004,1.0,0.01834862385321101,0.6766370250606305,0.3908045977011494,0.6454545454545454,0.1301775147928994,0.5198412698412698,0.7200000000000001,0.2295472597299444,0.2857142857142857,0.6577797202797204,0.7425531914893613,0.602739726027397,True,True,False,True,False,False,False,False,False,False,False,False,False,False,False,False,False,False,False,True,False,False,False,False,False,True,False,False,False
0.03500000000000003,0.2450879007238883,0.01834862385321101,0.10670978172999192,0.26053639846743293,0.15454545454545457,0.6568047337278106,0.08333333333333333,0.6,0.5377283558379666,0.7142857142857143,0.5690559440559442,0.5297872340425531,0.7336377473363775,True,True,False,False,True,False,False,False,False,False,False,False,False,False,False,False,False,False,False,False,True,False,False,False,False,False,False,True,False
0.03500000000000003,0.2450879007238883,0.01834862385321101,0.10670978172999192,0.2222222222222222,0.16363636363636366,0.6153846153846152,0.08333333333333333,0.6,0.3177124702144559,0.4285714285714285,0.38374125874125875,0.5297872340425531,0.7458143074581431,True,True,False,False,True,False,False,False,False,False,False,False,False,False,False,False,False,False,False,False,True,False,False,False,False,False,False,True,False
0.17500000000000004,0.4002068252326783,0.015290519877675844,0.20371867421180273,0.6628352490421456,0.13636363636363638,0.5798816568047336,0.12301587301587301,0.0,0.9999999999999998,0.7142857142857143,0.76486013986014,0.676595744680851,0.8858447488584473,True,True,False,False,True,False,False,False,False,False,False,False,False,False,False,False,False,False,False,False,True,False,False,False,False,False,False,True,False
0.17500000000000004,0.4002068252326783,0.015290519877675844,0.20371867421180273,0.6628352490421456,0.14545454545454548,0.5798816568047336,0.12301587301587301,0.0,0.698173153296267,0.7142857142857143,0.6643356643356646,0.676595744680851,0.8843226788432266,True,True,False,False,True,False,False,False,False,False,False,False,False,False,False,False,False,False,False,False,True,False,False,False,False,False,False,True,False
0.07500000000000007,0.7104446742502586,0.027522935779816515,0.20371867421180273,0.5363984674329502,0.32727272727272727,0.5917159763313607,0.26587301587301587,0.0,0.9999999999999998,0.7142857142857143,0.76486013986014,0.676595744680851,0.8706240487062402,True,True,False,False,True,False,False,False,False,False,False,False,False,False,False,False,False,False,False,False,True,False,False,False,False,False,False,True,False
0.17500000000000004,0.7104446742502586,0.027522935779816515,0.20371867421180273,0.6398467432950192,0.3363636363636363,0.5857988165680472,0.26587301587301587,0.0,0.698173153296267,0.7142857142857143,0.6643356643356646,0.676595744680851,0.8706240487062402,True,True,False,False,True,False,False,False,False,False,False,False,False,False,False,False,False,False,False,False,True,False,False,False,False,False,False,True,False
0.275,0.9793174767321613,0.01834862385321101,0.8496362166531931,0.6053639846743295,0.40909090909090906,0.14792899408284022,0.4801587301587302,0.0,0.32088959491660046,0.4285714285714285,0.43881118881118875,0.682978723404255,1.0,True,True,False,True,False,False,False,False,False,False,False,False,False,False,False,False,False,False,False,True,False,False,False,False,False,True,False,False,False
0.17500000000000004,0.4002068252326783,0.015290519877675844,0.1996766370250606,0.5555555555555556,0.14545454545454548,0.5798816568047336,0.12301587301587301,0.0,0.984114376489277,0.8571428571428571,0.76486013986014,0.676595744680851,0.8538812785388128,True,True,False,False,True,False,False,False,False,False,False,False,False,False,False,False,False,False,False,False,True,False,False,False,False,False,False,True,False
0.17500000000000004,0.4002068252326783,0.015290519877675844,0.1996766370250606,0.5747126436781609,0.15454545454545457,0.5798816568047336,0.12301587301587301,0.0,0.6664019062748212,0.8571428571428571,0.6643356643356646,0.676595744680851,0.8538812785388128,True,True,False,False,True,False,False,False,False,False,False,False,False,False,False,False,False,False,False,False,True,False,False,False,False,False,False,True,False
0.17500000000000004,0.7104446742502586,0.027522935779816515,0.1996766370250606,0.578544061302682,0.34545454545454546,0.5857988165680472,0.26587301587301587,0.0,0.6664019062748212,0.8571428571428571,0.6643356643356646,0.676595744680851,0.8538812785388128,True,True,False,False,True,False,False,False,False,False,False,False,False,False,False,False,False,False,False,False,True,False,False,False,False,False,False,True,False
0.17500000000000004,0.17786970010341258,0.01834862385321101,0.14308811641067098,0.07662835249042144,0.1727272727272727,0.3372781065088757,0.12301587301587301,0.3,0.11834789515488481,0.4285714285714285,0.20061188811188813,0.30638297872340425,0.28158295281582957,True,True,False,False,True,False,False,False,False,False,False,False,False,False,False,True,False,False,False,False,False,False,False,False,False,True,False,False,False
0.375,0.28852119958634953,0.01834862385321101,0.19159256265157637,0.13026819923371646,0.26363636363636356,0.24852071005917153,0.18253968253968256,0.3,0.11834789515488481,0.4285714285714285,0.20061188811188813,0.30638297872340425,0.28158295281582957,True,True,False,False,True,False,False,False,False,False,False,False,False,False,False,True,False,False,False,False,False,False,False,False,False,True,False,False,False
0.22499999999999998,0.28852119958634953,0.01834862385321101,0.1754244139046079,0.07662835249042144,0.28181818181818175,0.2899408284023668,0.18253968253968256,0.3,0.11834789515488481,0.4285714285714285,0.20061188811188813,0.30638297872340425,0.28158295281582957,True,True,False,False,True,False,False,False,False,False,False,False,False,False,False,True,False,False,False,False,False,False,False,False,False,True,False,False,False
0.17500000000000004,0.15822130299896586,0.01834862385321101,0.14308811641067098,0.06130268199233718,0.20909090909090908,0.301775147928994,0.12301587301587301,0.0,0.038919777601270855,0.2857142857142857,0.10402097902097918,0.3106382978723401,0.19939117199391188,True,True,False,False,True,False,False,True,False,False,False,False,False,False,False,False,False,False,False,False,False,False,False,True,False,False,False,False,False
0.375,0.28852119958634953,0.01834862385321101,0.19159256265157637,0.09961685823754785,0.28181818181818175,0.2189349112426035,0.18253968253968256,0.0,0.038919777601270855,0.2857142857142857,0.10402097902097918,0.3106382978723401,0.19939117199391188,True,True,False,False,True,False,False,True,False,False,False,False,False,False,False,False,False,False,False,False,False,False,False,True,False,False,False,False,False
0.22499999999999998,0.28852119958634953,0.01834862385321101,0.1754244139046079,0.06896551724137934,0.3545454545454545,0.2662721893491124,0.18253968253968256,0.0,0.038919777601270855,0.2857142857142857,0.10402097902097918,0.3106382978723401,0.19939117199391188,True,True,False,False,True,False,False,True,False,False,False,False,False,False,False,False,False,False,False,False,False,False,False,True,False,False,False,False,False
0.22499999999999998,0.4477766287487072,0.01834862385321101,0.11075181891673404,0.11877394636015326,0.44545454545454544,0.37869822485207094,0.25793650793650796,0.3,0.2454328832406672,0.4285714285714285,0.3553321678321679,0.4957446808510637,0.49771689497716887,True,True,False,False,True,False,False,False,False,False,False,False,False,False,False,False,True,False,False,False,False,False,False,False,False,True,False,False,False
0.275,0.4477766287487072,0.01834862385321101,0.30800323362974935,0.15325670498084287,0.4181818181818182,0.20118343195266264,0.25793650793650796,0.48000000000000004,0.2454328832406672,0.4285714285714285,0.3553321678321679,0.4957446808510637,0.49771689497716887,True,True,False,True,False,False,False,False,False,False,False,False,False,False,False,False,True,False,False,False,False,False,False,False,False,True,False,False,False
0.375,0.7104446742502586,0.0030581039755351695,0.4745351657235246,0.23371647509578541,0.5454545454545454,0.136094674556213,0.42063492063492064,0.48000000000000004,0.3399523431294678,0.4285714285714285,0.5393356643356646,0.8191489361702127,0.5692541856925417,True,True,False,True,False,False,False,False,False,False,False,False,False,False,False,False,False,False,True,False,False,False,False,False,False,True,False,False,False
0.375,0.5398138572905895,0.005861365953109073,0.4745351657235246,0.27586206896551724,0.4181818181818182,0.136094674556213,0.32142857142857145,0.48000000000000004,0.3399523431294678,0.4285714285714285,0.5393356643356646,0.8191489361702127,0.5692541856925417,True,True,False,True,False,False,False,False,False,False,False,False,False,False,False,False,False,False,True,False,False,False,False,False,False,True,False,False,False
0.375,0.7104446742502586,0.0030581039755351695,0.5957962813257882,0.29118773946360155,0.5363636363636364,0.10059171597633132,0.28174603174603174,0.8,0.33280381254964253,0.4285714285714285,0.5646853146853146,0.8021276595744684,0.5951293759512937,True,True,False,True,False,False,False,False,False,False,False,False,False,False,False,False,False,False,False,True,False,False,False,False,False,True,False,False,False
0.375,0.5398138572905895,0.005861365953109073,0.5957962813257882,0.34099616858237547,0.4,0.10059171597633132,0.32142857142857145,0.8,0.33280381254964253,0.4285714285714285,0.5646853146853146,0.8021276595744684,0.5951293759512937,True,True,False,True,False,False,False,False,False,False,False,False,False,False,False,False,False,False,False,True,False,False,False,False,False,True,False,False,False
0.375,0.7104446742502586,0.0030581039755351695,0.5957962813257882,0.29118773946360155,0.5545454545454546,0.11242603550295852,0.6388888888888888,0.8,0.09054805401111993,0.5714285714285714,0.6464160839160842,0.8063829787234038,0.6407914764079146,True,True,False,True,False,False,False,False,False,False,False,False,False,False,False,False,False,False,False,True,False,False,False,False,False,True,False,False,False
0.375,0.5398138572905895,0.005861365953109073,0.5957962813257882,0.33333333333333337,0.40909090909090906,0.11242603550295852,0.32142857142857145,0.8,0.09054805401111993,0.5714285714285714,0.6464160839160842,0.8063829787234038,0.6407914764079146,True,True,False,True,False,False,False,False,False,False,False,False,False,False,False,False,False,False,False,True,False,False,False,False,False,True,False,False,False
0.375,0.7104446742502586,0.0030581039755351695,0.4745351657235246,0.2222222222222222,0.6636363636363636,0.10650887573964493,0.28174603174603174,0.56,0.18665607625099284,0.4285714285714285,0.5113636363636362,0.7446808510638299,0.2587519025875191,True,True,False,True,False,False,False,False,False,False,True,False,False,False,False,False,False,False,False,False,False,False,False,False,False,False,True,False,False
0.375,0.5398138572905895,0.005861365953109073,0.4745351657235246,0.25287356321839083,0.5,0.10650887573964493,0.32142857142857145,0.56,0.18665607625099284,0.4285714285714285,0.5113636363636362,0.7446808510638299,0.2587519025875191,True,True,False,True,False,False,False,False,False,False,True,False,False,False,False,False,False,False,False,False,False,False,False,False,False,False,True,False,False
0.375,0.7104446742502586,0.0030581039755351695,0.4745351657235246,0.26436781609195403,0.6363636363636364,0.10650887573964493,0.42063492063492064,0.56,0.23749007148530576,0.4285714285714285,0.5113636363636362,0.7446808510638299,0.2587519025875191,True,True,False,True,False,False,False,False,False,False,True,False,False,False,False,False,False,False,False,False,False,False,False,False,False,False,False,False,True
0.375,0.5398138572905895,0.005861365953109073,0.4745351657235246,0.2298850574712643,0.4818181818181818,0.10650887573964493,0.32142857142857145,0.56,0.23749007148530576,0.4285714285714285,0.5113636363636362,0.7446808510638299,0.2587519025875191,True,True,False,True,False,False,False,False,False,False,True,False,False,False,False,False,False,False,False,False,False,False,False,False,False,False,False,False,True
0.375,0.7104446742502586,0.0030581039755351695,0.5957962813257882,0.26436781609195403,0.6727272727272727,0.09467455621301771,0.28174603174603174,0.8,0.16838760921366164,0.4285714285714285,0.64729020979021,0.8021276595744684,0.2739726027397258,True,True,False,True,False,False,False,False,False,False,False,True,False,False,False,False,False,False,False,False,False,False,False,False,False,False,True,False,False
0.375,0.5398138572905895,0.005861365953109073,0.5957962813257882,0.31417624521072796,0.509090909090909,0.09467455621301771,0.32142857142857145,0.8,0.16838760921366164,0.4285714285714285,0.64729020979021,0.8021276595744684,0.2739726027397258,True,True,False,True,False,False,False,False,False,False,False,True,False,False,False,False,False,False,False,False,False,False,False,False,False,False,True,False,False
0.17500000000000004,0.43123061013443637,0.01834862385321101,0.15117219078415522,0.25287356321839083,0.36363636363636365,0.31360946745562124,0.24206349206349204,0.3,0.2517871326449563,0.4285714285714285,0.42613636363636376,0.5106382978723403,0.5038051750380514,True,True,False,False,True,False,False,False,False,False,False,False,False,False,False,False,True,False,False,False,False,False,False,False,False,True,False,False,False
0.17500000000000004,0.6794208893485005,0.01834862385321101,0.15117219078415522,0.2298850574712643,0.5727272727272728,0.3195266272189348,0.32142857142857145,0.3,0.2517871326449563,0.4285714285714285,0.42613636363636376,0.5106382978723403,0.5038051750380514,True,True,False,False,True,False,False,False,False,False,False,False,False,False,False,False,True,False,False,False,False,False,False,False,False,True,False,False,False
0.375,0.6794208893485005,0.01834862385321101,0.39369442198868226,0.31034482758620685,0.49090909090909085,0.20710059171597628,0.32142857142857145,0.6,0.20969023034154088,0.4285714285714285,0.42613636363636376,0.5106382978723403,0.5038051750380514,True,True,False,True,False,False,False,False,False,False,False,False,False,False,False,False,True,False,False,False,False,False,False,False,False,True,False,False,False
0.375,0.6794208893485005,0.01834862385321101,0.39369442198868226,0.3831417624521073,0.4545454545454545,0.16568047337278102,0.32142857142857145,0.4,0.20969023034154088,0.4285714285714285,0.45236013986014,0.5106382978723403,0.5038051750380514,True,True,False,True,False,False,False,False,False,False,False,False,False,False,False,False,True,False,False,False,False,False,False,False,False,True,False,False,False
0.03500000000000003,0.2450879007238883,0.01834862385321101,0.10670978172999192,0.1877394636015326,0.16363636363636366,0.6153846153846152,0.08333333333333333,0.6,0.5305798252581413,0.4285714285714285,0.3793706293706294,0.5319148936170213,0.7747336377473362,True,True,False,False,True,False,False,False,False,False,False,False,False,False,False,False,False,False,False,False,True,False,False,False,False,False,False,True,False
0.025000000000000022,0.2450879007238883,0.01834862385321101,0.10670978172999192,0.24521072796934862,0.15454545454545457,0.6568047337278106,0.08333333333333333,0.6,0.5305798252581413,0.7142857142857143,0.5642482517482517,0.5319148936170213,0.7397260273972601,True,True,False,False,True,False,False,False,False,False,False,False,False,False,False,False,False,False,False,False,True,False,False,False,False,False,False,True,False
0.235,0.41054808686659766,0.01834862385321101,0.18350848827809213,0.16475095785440608,0.38181818181818183,0.3195266272189348,0.12301587301587301,0.4,0.181890389197776,0.4285714285714285,0.35139860139860146,0.46808510638297873,0.3942161339421615,True,True,False,False,True,False,False,False,False,False,False,False,False,False,False,False,True,False,False,False,False,False,False,False,False,True,False,False,False
0.22499999999999998,0.3050672182006204,0.003822629969418961,0.1269199676637025,0.07279693486590039,0.3363636363636363,0.41420118343195256,0.2222222222222222,0.0,0.1596505162827641,0.4285714285714285,0.3295454545454546,0.5319148936170213,0.21461187214611854,True,True,False,False,True,False,False,False,True,False,False,False,False,False,False,False,False,False,False,False,False,False,False,True,False,False,False,False,False
0.22499999999999998,0.3050672182006204,0.003822629969418961,0.1269199676637025,0.05363984674329503,0.3181818181818181,0.4201183431952662,0.2222222222222222,0.0,0.289912629070691,0.4285714285714285,0.44667832167832167,0.5319148936170213,0.22983257229832565,True,True,False,False,True,False,False,False,True,False,False,False,False,False,False,False,False,False,False,False,False,False,False,False,False,False,False,False,True
0.050000000000000044,0.296794208893485,0.01834862385321101,0.11883589329021828,0.15325670498084287,0.1818181818181818,0.5384615384615384,0.20238095238095238,0.3,0.49563145353455124,0.4285714285714285,0.3452797202797204,0.6617021276595745,0.7351598173515983,True,True,False,False,True,False,False,False,False,False,False,False,False,False,False,False,False,False,False,False,True,False,False,False,False,False,False,True,False
0.050000000000000044,0.296794208893485,0.01834862385321101,0.11883589329021828,0.15325670498084287,0.1727272727272727,0.5384615384615384,0.20238095238095238,0.3,0.7140587768069897,0.7142857142857143,0.49825174825174834,0.6617021276595745,0.7442922374429224,True,True,False,False,True,False,False,False,False,False,False,False,False,False,False,False,False,False,False,False,True,False,False,False,False,False,False,True,False
0.125,0.2585315408479834,0.01834862385321101,0.11883589329021828,0.08429118773946365,0.28181818181818175,0.38461538461538447,0.19444444444444448,0.0,0.0921366163621922,0.4285714285714285,0.19274475524475543,0.32978723404255295,0.16133942161339432,True,True,False,False,True,False,False,True,False,False,False,False,False,False,False,False,False,False,False,False,False,False,False,True,False,False,False,False,False
0.125,0.27714581178903824,0.0030581039755351695,0.11883589329021828,0.04214559386973182,0.32727272727272727,0.34911242603550285,0.20238095238095238,0.0,0.0921366163621922,0.4285714285714285,0.19274475524475543,0.32978723404255295,0.16133942161339432,True,True,False,False,True,False,False,True,False,False,False,False,False,False,False,False,False,False,False,False,False,False,False,True,False,False,False,False,False
0.07500000000000007,0.23474663908996896,0.01834862385321101,0.005658852061438971,0.13409961685823757,0.19999999999999998,0.5857988165680472,0.12301587301587301,0.14,0.2454328832406672,0.4285714285714285,0.3343531468531469,0.3936170212765955,0.46575342465753433,True,True,False,False,True,False,False,False,False,False,False,False,False,False,False,True,False,False,False,False,False,False,False,False,False,True,False,False,False
0.22499999999999998,0.5346432264736298,0.0030581039755351695,0.11883589329021828,0.13793103448275867,0.4181818181818182,0.4023668639053254,0.24206349206349204,0.48000000000000004,0.3169181890389198,0.4285714285714285,0.45017482517482543,0.6893617021276599,0.5114155251141552,True,True,False,False,True,False,False,False,False,False,False,False,False,False,False,False,True,False,False,False,False,False,False,False,False,True,False,False,False
0.22499999999999998,0.6297828335056876,0.01834862385321101,0.11883589329021828,0.14176245210727967,0.5,0.4023668639053254,0.28174603174603174,0.48000000000000004,0.3169181890389198,0.4285714285714285,0.45017482517482543,0.6893617021276599,0.5114155251141552,True,True,False,False,True,False,False,False,False,False,False,False,False,False,False,False,True,False,False,False,False,False,False,False,False,True,False,False,False
0.125,0.3050672182006204,0.003822629969418961,0.11883589329021828,0.06513409961685823,0.2727272727272727,0.4023668639053254,0.2222222222222222,0.0,0.12629070691024621,0.4285714285714285,0.23208041958041958,0.3829787234042552,0.31202435312024335,True,True,False,False,True,False,False,False,False,False,False,False,False,False,False,True,False,False,False,False,False,False,False,False,False,True,False,False,False
0.025000000000000022,0.2585315408479834,0.01834862385321101,0.1269199676637025,0.4137931034482758,0.08181818181818182,0.6568047337278106,0.19444444444444448,0.4,0.35901509134233517,0.9999999999999999,0.5957167832167833,0.6595744680851059,0.8538812785388128,True,True,False,False,True,False,False,False,False,False,False,False,False,False,False,False,False,False,False,False,True,False,False,False,False,False,False,True,False
0.025000000000000022,0.4829369183040331,0.03211009174311927,0.1269199676637025,0.3563218390804598,0.22727272727272727,0.710059171597633,0.19841269841269843,0.4,0.35901509134233517,0.9999999999999999,0.5957167832167833,0.6595744680851059,0.8538812785388128,True,True,False,False,True,False,False,False,False,False,False,False,False,False,False,False,False,False,False,False,True,False,False,False,False,False,False,True,False
0.025000000000000022,0.2585315408479834,0.01834862385321101,0.1269199676637025,0.421455938697318,0.08181818181818182,0.6568047337278106,0.19444444444444448,0.4,0.6656076250992851,0.9999999999999999,0.7486888111888113,0.6595744680851059,0.8538812785388128,True,True,False,False,True,False,False,False,False,False,False,False,False,False,False,False,False,False,False,False,True,False,False,False,False,False,False,True,False
0.025000000000000022,0.4829369183040331,0.03211009174311927,0.11883589329021828,0.3639846743295019,0.22727272727272727,0.710059171597633,0.19841269841269843,0.4,0.6656076250992851,0.9999999999999999,0.7486888111888113,0.6595744680851059,0.8538812785388128,True,True,False,False,True,False,False,False,False,False,False,False,False,False,False,False,False,False,False,False,True,False,False,False,False,False,False,True,False
0.125,0.2585315408479834,0.01834862385321101,0.11883589329021828,0.10344827586206895,0.24545454545454545,0.4556213017751478,0.19444444444444448,0.0,0.22478157267672755,0.4285714285714285,0.29895104895104896,0.35106382978723394,0.2952815829528159,True,True,False,False,True,False,False,False,False,False,False,False,False,False,False,True,False,False,False,False,False,False,False,False,False,True,False,False,False
0.125,0.3050672182006204,0.003822629969418961,0.11883589329021828,0.06130268199233718,0.29999999999999993,0.4082840236686389,0.2222222222222222,0.0,0.22478157267672755,0.4285714285714285,0.29895104895104896,0.35106382978723394,0.2952815829528159,True,True,False,False,True,False,False,False,False,False,False,False,False,False,False,True,False,False,False,False,False,False,False,False,False,True,False,False,False
0.125,0.2585315408479834,0.01834862385321101,0.11883589329021828,0.08812260536398464,0.28181818181818175,0.4023668639053254,0.19444444444444448,0.0,0.09054805401111993,0.4285714285714285,0.19012237762237771,0.32978723404255295,0.15372907153729054,True,True,False,False,True,False,False,True,False,False,False,False,False,False,False,False,False,False,False,False,False,False,False,True,False,False,False,False,False
0.125,0.27714581178903824,0.0030581039755351695,0.11883589329021828,0.04214559386973182,0.3181818181818181,0.35502958579881644,0.20238095238095238,0.0,0.09054805401111993,0.4285714285714285,0.19012237762237771,0.32978723404255295,0.15372907153729054,True,True,False,False,True,False,False,True,False,False,False,False,False,False,False,False,False,False,False,False,False,False,False,True,False,False,False,False,False
0.22499999999999998,0.5346432264736298,0.0030581039755351695,0.18755052546483425,0.13026819923371646,0.44545454545454544,0.3905325443786982,0.24206349206349204,0.5,0.34710087370929305,0.4285714285714285,0.40297202797202814,0.6063829787234045,0.4748858447488584,True,True,False,False,True,False,False,False,False,False,False,False,False,False,False,False,True,False,False,False,False,False,False,False,False,True,False,False,False
0.22499999999999998,0.5346432264736298,0.0030581039755351695,0.32174616006467255,0.32950191570881227,0.4363636363636363,0.24852071005917153,0.24206349206349204,0.4,0.34710087370929305,0.4285714285714285,0.40297202797202814,0.6063829787234045,0.4748858447488584,True,True,False,True,False,False,False,False,False,False,False,False,False,False,False,False,True,False,False,False,False,False,False,False,False,True,False,False,False
0.22499999999999998,0.7817993795243019,0.01834862385321101,0.18755052546483425,0.13793103448275867,0.6636363636363636,0.38461538461538447,0.42063492063492064,0.48000000000000004,0.34710087370929305,0.4285714285714285,0.40297202797202814,0.6063829787234045,0.4748858447488584,True,True,False,False,True,False,False,False,False,False,False,False,False,False,False,False,True,False,False,False,False,False,False,False,False,True,False,False,False
0.22499999999999998,0.3050672182006204,0.003822629969418961,0.11883589329021828,0.05747126436781608,0.29999999999999993,0.4497041420118343,0.20238095238095238,0.0,0.2073073868149325,0.4285714285714285,0.3264860139860142,0.5148936170212766,0.1704718417047184,True,True,False,False,True,False,False,False,True,False,False,False,False,False,False,False,False,False,False,False,False,False,False,True,False,False,False,False,False
0.125,0.3050672182006204,0.003822629969418961,0.11883589329021828,0.06896551724137934,0.29999999999999993,0.46153846153846145,0.20238095238095238,0.4,0.36298649722001586,0.4285714285714285,0.4440559440559442,0.5148936170212766,0.17199391171993916,True,True,False,False,True,False,False,False,True,False,False,False,False,False,False,False,False,False,False,False,False,False,False,False,False,False,False,False,True
0.17500000000000004,0.3826266804550154,0.01834862385321101,0.18755052546483425,0.07662835249042144,0.4363636363636363,0.29585798816568043,0.16269841269841273,0.4,0.2541699761715647,0.4285714285714285,0.46634615384615374,0.5297872340425531,0.22678843226788414,True,True,False,False,True,False,False,False,False,False,False,False,False,False,False,False,False,True,False,False,False,False,False,False,False,True,False,False,False
0.22499999999999998,0.5346432264736298,0.0030581039755351695,0.18755052546483425,0.15708812260536398,0.42727272727272725,0.44378698224852053,0.24206349206349204,0.4,0.15647339158061951,0.7142857142857143,0.5118006993006996,0.6063829787234045,0.5555555555555554,True,True,False,False,True,False,False,False,False,False,False,False,False,False,False,False,False,True,False,False,False,False,False,False,False,True,False,False,False
0.22499999999999998,0.5346432264736298,0.0030581039755351695,0.32174616006467255,0.3601532567049809,0.40909090909090906,0.2840236686390532,0.24206349206349204,0.4,0.15647339158061951,0.7142857142857143,0.5118006993006996,0.6063829787234045,0.5555555555555554,True,True,False,True,False,False,False,False,False,False,False,False,False,False,False,False,False,True,False,False,False,False,False,False,False,True,False,False,False
0.22499999999999998,0.7817993795243019,0.01834862385321101,0.18755052546483425,0.16475095785440608,0.6363636363636364,0.437869822485207,0.42063492063492064,0.4,0.15647339158061951,0.7142857142857143,0.5118006993006996,0.6063829787234045,0.5555555555555554,True,True,False,False,True,False,False,False,False,False,False,False,False,False,False,False,False,True,False,False,False,False,False,False,False,True,False,False,False
0.03500000000000003,0.296794208893485,0.01834862385321101,0.1269199676637025,0.16475095785440608,0.1818181818181818,0.5621301775147928,0.20238095238095238,0.3,0.49563145353455124,0.4285714285714285,0.3422202797202798,0.6617021276595745,0.7442922374429224,True,True,False,False,True,False,False,False,False,False,False,False,False,False,False,False,False,False,False,False,True,False,False,False,False,False,False,True,False
0.03500000000000003,0.296794208893485,0.01834862385321101,0.1269199676637025,0.16858237547892718,0.1727272727272727,0.5621301775147928,0.20238095238095238,0.3,0.7140587768069897,0.7142857142857143,0.49606643356643376,0.6617021276595745,0.7732115677321154,True,True,False,False,True,False,False,False,False,False,False,False,False,False,False,False,False,False,False,False,True,False,False,False,False,False,False,True,False
0.025000000000000022,0.2585315408479834,0.01834862385321101,0.1269199676637025,0.4137931034482758,0.08181818181818182,0.6568047337278106,0.19444444444444448,0.4,0.35901509134233517,0.9999999999999999,0.5957167832167833,0.6595744680851059,0.8538812785388128,True,True,False,False,True,False,False,False,False,False,False,False,False,False,False,False,False,False,False,False,True,False,False,False,False,False,False,True,False
0.025000000000000022,0.4829369183040331,0.03211009174311927,0.1269199676637025,0.3563218390804598,0.22727272727272727,0.710059171597633,0.19841269841269843,0.4,0.35901509134233517,0.9999999999999999,0.5957167832167833,0.6595744680851059,0.8538812785388128,True,True,False,False,True,False,False,False,False,False,False,False,False,False,False,False,False,False,False,False,True,False,False,False,False,False,False,True,False
0.025000000000000022,0.2585315408479834,0.01834862385321101,0.1269199676637025,0.421455938697318,0.08181818181818182,0.6568047337278106,0.19444444444444448,0.4,0.6656076250992851,0.9999999999999999,0.7486888111888113,0.6595744680851059,0.8538812785388128,True,True,False,False,True,False,False,False,False,False,False,False,False,False,False,False,False,False,False,False,True,False,False,False,False,False,False,True,False
0.025000000000000022,0.4829369183040331,0.03211009174311927,0.1269199676637025,0.3639846743295019,0.22727272727272727,0.710059171597633,0.19841269841269843,0.4,0.6656076250992851,0.9999999999999999,0.7486888111888113,0.6595744680851059,0.8538812785388128,True,True,False,False,True,False,False,False,False,False,False,False,False,False,False,False,False,False,False,False,True,False,False,False,False,False,False,True,False
0.3999999999999999,0.5966907962771457,0.03211009174311927,0.5068714632174616,0.12643678160919536,0.5818181818181818,0.136094674556213,0.38095238095238093,0.6,0.20333598093725175,0.4285714285714285,0.4309440559440558,0.5297872340425531,0.2283105022831049,True,True,False,True,False,False,False,False,False,True,False,False,False,False,False,False,False,False,False,False,False,False,False,False,True,False,False,False,False
0.3999999999999999,0.5966907962771457,0.03211009174311927,0.5068714632174616,0.12643678160919536,0.5727272727272728,0.11834319526627216,0.38095238095238093,0.6,0.20333598093725175,0.4285714285714285,0.4309440559440558,0.5297872340425531,0.2191780821917808,True,True,False,True,False,False,False,False,False,True,False,False,False,False,False,False,False,False,False,False,False,False,False,False,True,False,False,False,False
0.3999999999999999,0.5966907962771457,0.03211009174311927,0.3047696038803557,0.08045977011494254,0.6181818181818182,0.2366863905325443,0.38095238095238093,0.6,0.20333598093725175,0.4285714285714285,0.4309440559440558,0.5297872340425531,0.2283105022831049,True,True,False,False,False,True,False,False,False,True,False,False,False,False,False,False,False,False,False,False,False,False,False,False,True,False,False,False,False
0.3999999999999999,0.4725956566701138,0.01834862385321101,0.3047696038803557,0.07662835249042144,0.49090909090909085,0.24852071005917153,0.32142857142857145,0.6,0.20333598093725175,0.4285714285714285,0.4309440559440558,0.5297872340425531,0.2283105022831049,True,True,False,False,False,True,False,False,False,True,False,False,False,False,False,False,False,False,False,False,False,False,False,False,True,False,False,False,False
0.42500000000000004,0.8862461220268871,0.016819571865443427,0.587712206952304,0.28352490421455934,0.6909090909090909,0.16568047337278102,0.4801587301587302,0.88,0.26449563145353455,0.4285714285714285,0.5594405594405596,0.7617021276595741,0.43378995433789935,True,True,False,True,False,False,False,False,False,False,False,False,False,False,False,False,False,False,True,False,False,False,False,False,False,True,False,False,False
0.42500000000000004,0.8862461220268871,0.016819571865443427,0.6443007275666935,0.32567049808429116,0.6545454545454545,0.14792899408284022,0.4801587301587302,0.88,0.26449563145353455,0.4285714285714285,0.5594405594405596,0.7617021276595741,0.43378995433789935,True,True,False,True,False,False,False,False,False,False,False,False,False,False,False,False,False,False,True,False,False,False,False,False,False,True,False,False,False
0.275,0.8862461220268871,0.016819571865443427,0.3047696038803557,0.2183908045977011,0.7181818181818181,0.33136094674556205,0.4801587301587302,0.6,0.26449563145353455,0.4285714285714285,0.5594405594405596,0.7617021276595741,0.43378995433789935,True,True,False,False,False,True,False,False,False,False,False,False,False,False,False,False,False,False,True,False,False,False,False,False,False,True,False,False,False
0.375,0.7518097207859358,0.004841997961264017,0.4632174616006467,0.2145593869731801,0.6363636363636364,0.09467455621301771,0.42063492063492064,0.8,0.2978554408260524,0.4285714285714285,0.5327797202797204,0.8468085106382981,0.32724505327245046,True,True,False,True,False,False,False,False,False,False,True,False,False,False,False,False,False,False,False,False,False,False,False,False,True,False,False,False,False
0.275,0.7518097207859358,0.004841997961264017,0.1859337105901374,0.1839080459770115,0.6545454545454545,0.30769230769230765,0.42063492063492064,0.6,0.2978554408260524,0.4285714285714285,0.5327797202797204,0.8468085106382981,0.32724505327245046,True,True,False,False,False,True,False,False,False,False,True,False,False,False,False,False,False,False,False,False,False,False,False,False,True,False,False,False,False
0.4750000000000001,0.7621509824198551,0.013761467889908258,0.4341147938561034,0.28735632183908044,0.609090909090909,0.17751479289940825,0.6785714285714285,0.8,0.30897537728355834,0.4285714285714285,0.5087412587412588,0.6978723404255316,0.44596651445966495,True,True,False,True,False,False,False,False,False,False,False,False,False,False,False,False,False,True,False,False,False,False,False,False,False,True,False,False,False
0.575,0.7621509824198551,0.013761467889908258,0.5715440582053355,0.29501915708812265,0.609090909090909,0.11242603550295852,0.6785714285714285,0.8,0.30897537728355834,0.4285714285714285,0.5087412587412588,0.6978723404255316,0.44596651445966495,True,True,False,True,False,False,False,False,False,False,False,False,False,False,False,False,False,True,False,False,False,False,False,False,False,True,False,False,False
0.4750000000000001,0.7621509824198551,0.013761467889908258,0.3637833468067906,0.26053639846743293,0.6545454545454545,0.20710059171597628,0.6785714285714285,0.8,0.30897537728355834,0.4285714285714285,0.5087412587412588,0.6978723404255316,0.4474885844748857,True,True,False,False,False,True,False,False,False,False,False,False,False,False,False,False,False,True,False,False,False,False,False,False,False,True,False,False,False
0.675,0.7621509824198551,0.013761467889908258,0.7178658043654002,0.28352490421455934,0.5909090909090908,0.06508875739644965,0.6785714285714285,0.8,0.26131850675138996,0.4285714285714285,0.5087412587412588,0.6978723404255316,0.4444444444444442,True,True,False,True,False,False,False,False,False,False,False,False,False,False,False,False,False,True,False,False,False,False,False,False,False,True,False,False,False
0.5250000000000001,0.6308169596690796,0.01834862385321101,0.2400970088924818,0.210727969348659,0.6545454545454545,0.1538461538461538,0.6587301587301586,0.0,0.20333598093725175,0.4285714285714285,0.5869755244755246,0.7574468085106378,0.07610350076103511,True,True,False,False,False,True,False,False,False,False,False,True,False,False,False,False,False,False,False,False,False,False,False,False,False,False,True,False,False
0.5250000000000001,0.6308169596690796,0.01834862385321101,0.3815683104284559,0.24137931034482762,0.6454545454545454,0.14201183431952658,0.6587301587301586,0.0,0.20333598093725175,0.4285714285714285,0.5869755244755246,0.7574468085106378,0.07610350076103511,True,True,False,True,False,False,False,False,False,False,False,True,False,False,False,False,False,False,False,False,False,False,False,False,False,False,True,False,False
0.4750000000000001,0.7828335056876938,0.04128440366972477,0.4017784963621665,0.30268199233716475,0.6818181818181818,0.14792899408284022,1.0,0.0,0.23431294678316122,0.4285714285714285,0.5917832167832167,0.7595744680851064,0.121765601217656,True,True,False,True,False,False,False,False,False,False,False,True,False,False,False,False,False,False,False,False,False,False,False,False,False,False,False,False,True
0.5250000000000001,0.7828335056876938,0.04128440366972477,0.4017784963621665,0.25287356321839083,0.7818181818181819,0.14201183431952658,1.0,0.0,0.20333598093725175,0.4285714285714285,0.5869755244755246,0.7574468085106378,0.07610350076103511,True,True,False,True,False,False,False,False,False,False,False,True,False,False,False,False,False,False,False,False,False,False,False,False,False,False,True,False,False
0.625,0.6308169596690796,0.01834862385321101,0.4704931285367825,0.24904214559386972,0.6454545454545454,0.08875739644970412,0.6587301587301586,0.0,0.20333598093725175,0.4285714285714285,0.5869755244755246,0.7574468085106378,0.07610350076103511,True,True,False,True,False,False,False,False,False,False,False,True,False,False,False,False,False,False,False,False,False,False,False,False,False,False,True,False,False
0.575,0.7828335056876938,0.04128440366972477,0.48261924009700885,0.30268199233716475,0.6818181818181818,0.09467455621301771,1.0,0.0,0.23431294678316122,0.4285714285714285,0.5917832167832167,0.7595744680851064,0.121765601217656,True,True,False,True,False,False,False,False,False,False,False,True,False,False,False,False,False,False,False,False,False,False,False,False,False,False,False,False,True
0.625,0.7828335056876938,0.04128440366972477,0.48261924009700885,0.26053639846743293,0.7818181818181819,0.08875739644970412,1.0,0.0,0.20333598093725175,0.4285714285714285,0.5869755244755246,0.7574468085106378,0.07610350076103511,True,True,False,True,False,False,False,False,False,False,False,True,False,False,False,False,False,False,False,False,False,False,False,False,False,False,True,False,False
0.625,0.7828335056876938,0.04128440366972477,0.48261924009700885,0.29501915708812265,0.6818181818181818,0.08875739644970412,1.0,0.0,0.23431294678316122,0.4285714285714285,0.5869755244755246,0.7574468085106378,0.09284627092846254,True,True,False,True,False,False,False,False,False,False,False,True,False,False,False,False,False,False,False,False,False,False,False,False,False,False,False,False,True
0.625,0.6308169596690796,0.01834862385321101,0.4704931285367825,0.28352490421455934,0.5545454545454546,0.08875739644970412,0.6587301587301586,0.0,0.23431294678316122,0.4285714285714285,0.5869755244755246,0.7574468085106378,0.09284627092846254,True,True,False,True,False,False,False,False,False,False,False,True,False,False,False,False,False,False,False,False,False,False,False,False,False,False,False,False,True
0.625,0.7828335056876938,0.04128440366972477,0.5472918350848828,0.2567049808429118,0.7272727272727273,0.06508875739644965,1.0,0.0,0.17077045274027003,0.4285714285714285,0.5869755244755246,0.7574468085106378,0.07914764079147618,True,True,False,True,False,False,False,False,False,False,False,True,False,False,False,False,False,False,False,False,False,False,False,False,False,False,True,False,False
0.625,0.7828335056876938,0.04128440366972477,0.5472918350848828,0.29118773946360155,0.6727272727272727,0.06508875739644965,1.0,0.0,0.2017474185861795,0.4285714285714285,0.5869755244755246,0.7574468085106378,0.09589041095890405,True,True,False,True,False,False,False,False,False,False,False,True,False,False,False,False,False,False,False,False,False,False,False,False,False,False,False,False,True
0.5250000000000001,0.7828335056876938,0.04128440366972477,0.24818108326596605,0.22605363984674332,0.7999999999999999,0.1538461538461538,1.0,0.0,0.20333598093725175,0.4285714285714285,0.5869755244755246,0.7574468085106378,0.07610350076103511,True,True,False,False,False,True,False,False,False,False,False,True,False,False,False,False,False,False,False,False,False,False,False,False,False,False,True,False,False
0.5250000000000001,0.7828335056876938,0.04128440366972477,0.24818108326596605,0.2567049808429118,0.7181818181818181,0.1538461538461538,1.0,0.0,0.23431294678316122,0.4285714285714285,0.5869755244755246,0.7574468085106378,0.09284627092846254,True,True,False,False,False,True,False,False,False,False,False,True,False,False,False,False,False,False,False,False,False,False,False,False,False,False,False,False,True
0.5250000000000001,0.6308169596690796,0.01834862385321101,0.2400970088924818,0.24521072796934862,0.5909090909090908,0.1538461538461538,0.6587301587301586,0.0,0.23431294678316122,0.4285714285714285,0.5869755244755246,0.7574468085106378,0.09284627092846254,True,True,False,False,False,True,False,False,False,False,False,True,False,False,False,False,False,False,False,False,False,False,False,False,False,False,False,False,True
0.675,0.7828335056876938,0.04128440366972477,0.6685529506871463,0.24904214559386972,0.7272727272727273,0.029585798816568032,1.0,0.0,0.17077045274027003,0.4285714285714285,0.5869755244755246,0.7574468085106378,0.07610350076103511,True,True,False,True,False,False,False,False,False,False,False,True,False,False,False,False,False,False,False,False,False,False,False,False,False,False,True,False,False
0.625,0.7828335056876938,0.04128440366972477,0.6685529506871463,0.30268199233716475,0.6545454545454545,0.035502958579881616,1.0,0.0,0.2017474185861795,0.4285714285714285,0.5917832167832167,0.7595744680851064,0.12633181126331827,True,True,False,True,False,False,False,False,False,False,False,True,False,False,False,False,False,False,False,False,False,False,False,False,False,False,False,False,True
0.825,0.7828335056876938,0.04128440366972477,0.9919159256265156,0.28735632183908044,0.6181818181818182,0.005917159763313584,1.0,0.0,0.13899920571882446,0.4285714285714285,0.5891608391608392,0.7574468085106378,0.07458143074581436,True,True,False,True,False,False,False,False,False,False,False,True,False,False,False,False,False,False,False,False,False,False,False,False,False,False,True,False,False
0.9000000000000001,0.7828335056876938,0.04128440366972477,0.9919159256265156,0.27203065134099613,0.6181818181818182,0.0,1.0,0.0,0.17156473391580618,0.0,0.5891608391608392,0.7574468085106378,0.07458143074581436,True,True,False,True,False,False,False,False,False,False,False,True,False,False,False,False,False,False,False,False,False,False,False,False,False,False,True,False,False
0.675,0.7828335056876938,0.04128440366972477,0.8059822150363782,0.24904214559386972,0.7090909090909091,0.011834319526627196,1.0,0.0,0.17077045274027003,0.4285714285714285,0.5869755244755246,0.7574468085106378,0.07458143074581436,True,True,False,True,False,False,False,False,False,False,False,True,False,False,False,False,False,False,False,False,False,False,False,False,False,False,True,False,False
0.625,0.7828335056876938,0.04128440366972477,0.8059822150363782,0.30268199233716475,0.6363636363636364,0.017751479289940808,1.0,0.0,0.2017474185861795,0.4285714285714285,0.5917832167832167,0.7595744680851064,0.1187214611872145,True,True,False,True,False,False,False,False,False,False,False,True,False,False,False,False,False,False,False,False,False,False,False,False,False,False,False,False,True
0.675,0.7828335056876938,0.04128440366972477,0.8059822150363782,0.28352490421455934,0.6727272727272727,0.011834319526627196,1.0,0.0,0.2017474185861795,0.4285714285714285,0.5869755244755246,0.7574468085106378,0.08980213089802103,True,True,False,True,False,False,False,False,False,False,False,True,False,False,False,False,False,False,False,False,False,False,False,False,False,False,False,False,True
0.675,0.7828335056876938,0.04128440366972477,0.6685529506871463,0.28735632183908044,0.6727272727272727,0.029585798816568032,1.0,0.0,0.2017474185861795,0.4285714285714285,0.5869755244755246,0.7574468085106378,0.09589041095890405,True,True,False,True,False,False,False,False,False,False,False,True,False,False,False,False,False,False,False,False,False,False,False,False,False,False,False,False,True
0.125,0.1933815925542916,0.002675840978593273,0.09054163298302344,0.05747126436781608,0.19999999999999998,0.41420118343195256,0.10317460317460318,0.3,0.21366163621922157,0.4285714285714285,0.22858391608391626,0.3957446808510636,0.33942161339421606,True,True,False,False,True,False,False,False,False,False,False,False,False,False,False,True,False,False,False,False,False,False,False,False,False,True,False,False,False
0.125,0.3174767321613237,0.014271151885830786,0.10670978172999192,0.06896551724137934,0.32727272727272727,0.35502958579881644,0.16269841269841273,0.3,0.21366163621922157,0.4285714285714285,0.22858391608391626,0.3957446808510636,0.33942161339421606,True,True,False,False,True,False,False,False,False,False,False,False,False,False,False,True,False,False,False,False,False,False,False,False,False,True,False,False,False
0.125,0.1933815925542916,0.002675840978593273,0.09054163298302344,0.08812260536398464,0.20909090909090908,0.4023668639053254,0.10317460317460318,0.2,0.13899920571882446,0.4285714285714285,0.1319930069930071,0.4212765957446809,0.243531202435312,True,True,False,False,True,False,False,True,False,False,False,False,False,False,False,False,False,False,False,False,False,False,False,True,False,False,False,False,False
0.025000000000000022,0.1933815925542916,0.002675840978593273,0.0824575586095392,0.07662835249042144,0.21818181818181817,0.5798816568047336,0.3333333333333333,0.2,0.13899920571882446,0.4285714285714285,0.1319930069930071,0.4212765957446809,0.243531202435312,True,True,False,False,True,False,False,True,False,False,False,False,False,False,False,False,False,False,False,False,False,False,False,True,False,False,False,False,False
0.125,0.3174767321613237,0.014271151885830786,0.10670978172999192,0.07662835249042144,0.3363636363636363,0.34319526627218927,0.16269841269841273,0.2,0.13899920571882446,0.4285714285714285,0.1319930069930071,0.4212765957446809,0.243531202435312,True,True,False,False,True,False,False,True,False,False,False,False,False,False,False,False,False,False,False,False,False,False,False,True,False,False,False,False,False
0.050000000000000044,0.2450879007238883,0.01834862385321101,0.10670978172999192,0.1877394636015326,0.16363636363636366,0.6153846153846152,0.08333333333333333,0.6,0.6346306592533757,0.4285714285714285,0.37849650349650354,0.5319148936170213,0.7747336377473362,True,True,False,False,True,False,False,False,False,False,False,False,False,False,False,False,False,False,False,False,True,False,False,False,False,False,False,True,False
0.025000000000000022,0.2450879007238883,0.01834862385321101,0.10670978172999192,0.23371647509578541,0.15454545454545457,0.6568047337278106,0.08333333333333333,0.6,0.27720413026211277,0.7142857142857143,0.5642482517482517,0.5319148936170213,0.7397260273972601,True,True,False,False,True,False,False,False,False,False,False,False,False,False,False,False,False,False,False,False,True,False,False,False,False,False,False,True,False
0.125,0.4002068252326783,0.027522935779816515,0.11075181891673404,0.06130268199233718,0.44545454545454544,0.49112426035502943,0.23412698412698413,0.2,0.2295472597299444,0.4285714285714285,0.25349650349650354,0.5319148936170213,0.2678843226788432,True,True,False,False,True,False,False,False,True,False,False,False,False,False,False,False,False,False,False,False,False,False,False,True,False,False,False,False,False
0.17500000000000004,0.4002068252326783,0.027522935779816515,0.15117219078415522,0.09195402298850575,0.44545454545454544,0.30769230769230765,0.23412698412698413,0.36000000000000004,0.2295472597299444,0.4285714285714285,0.25349650349650354,0.5319148936170213,0.2678843226788432,True,True,False,False,True,False,False,False,True,False,False,False,False,False,False,False,False,False,False,False,False,False,False,True,False,False,False,False,False
0.125,0.4002068252326783,0.015290519877675844,0.13500404203718674,0.13409961685823757,0.3727272727272727,0.37869822485207094,0.18253968253968256,0.44,0.3129467831612391,0.4285714285714285,0.3715034965034967,0.5404255319148934,0.3683409436834095,True,True,False,False,True,False,False,False,False,False,False,False,False,False,False,False,True,False,False,False,False,False,False,False,False,True,False,False,False
0.22499999999999998,0.6794208893485005,0.027522935779816515,0.15117219078415522,0.13026819923371646,0.6272727272727272,0.3372781065088757,0.2619047619047619,0.44,0.3129467831612391,0.4285714285714285,0.3715034965034967,0.5404255319148934,0.3683409436834095,True,True,False,False,True,False,False,False,False,False,False,False,False,False,False,False,True,False,False,False,False,False,False,False,False,True,False,False,False
0.625,0.8345398138572906,0.01834862385321101,0.6362166531932093,0.31800766283524906,0.6,0.136094674556213,0.38492063492063494,0.4,0.181890389197776,0.2857142857142857,0.8011363636363638,1.0,0.3500761035007609,True,True,False,True,False,False,False,False,False,False,False,False,False,True,False,False,False,False,False,False,False,False,True,False,False,False,False,False,False
0.17500000000000004,0.3174767321613237,0.015290519877675844,0.1592562651576394,0.15325670498084287,0.3181818181818181,0.4023668639053254,0.24206349206349204,0.4,0.2533756949960286,0.4285714285714285,0.3793706293706294,0.5829787234042554,0.4505327245053272,True,True,False,False,False,True,False,False,False,False,False,False,False,False,False,False,True,False,False,False,False,False,False,False,False,True,False,False,False
0.17500000000000004,0.38986556359875907,0.01834862385321101,0.1592562651576394,0.15325670498084287,0.3909090909090909,0.3727810650887573,0.32142857142857145,0.4,0.2533756949960286,0.4285714285714285,0.3793706293706294,0.5829787234042554,0.4505327245053272,True,True,False,False,False,True,False,False,False,False,False,False,False,False,False,False,True,False,False,False,False,False,False,False,False,True,False,False,False
0.275,0.576008273009307,0.027522935779816515,0.349232012934519,0.13793103448275867,0.5727272727272728,0.2603550295857987,0.3611111111111111,0.4,0.2533756949960286,0.4285714285714285,0.3793706293706294,0.5829787234042554,0.4505327245053272,True,True,False,False,False,True,False,False,False,False,False,False,False,False,False,False,True,False,False,False,False,False,False,False,False,True,False,False,False
0.275,0.5966907962771457,0.027522935779816515,0.4575586095392077,0.16091954022988508,0.5727272727272728,0.18934911242603547,0.42063492063492064,0.48000000000000004,0.2533756949960286,0.4285714285714285,0.3793706293706294,0.5829787234042554,0.42465753424657526,True,True,False,True,False,False,False,False,False,False,False,False,False,False,False,False,True,False,False,False,False,False,False,False,False,True,False,False,False
0.17500000000000004,0.38986556359875907,0.01834862385321101,0.1592562651576394,0.13793103448275867,0.40909090909090906,0.34911242603550285,0.32142857142857145,0.4,0.34471803018268465,0.4285714285714285,0.45367132867132876,0.5723404255319147,0.44596651445966495,True,True,False,False,False,True,False,False,False,False,False,False,False,False,False,False,True,False,False,False,False,False,False,False,False,True,False,False,False
0.275,0.576008273009307,0.027522935779816515,0.349232012934519,0.12260536398467436,0.5818181818181818,0.2662721893491124,0.3611111111111111,0.4,0.34471803018268465,0.4285714285714285,0.45367132867132876,0.5723404255319147,0.44596651445966495,True,True,False,False,False,True,False,False,False,False,False,False,False,False,False,False,True,False,False,False,False,False,False,False,False,True,False,False,False
0.275,0.576008273009307,0.027522935779816515,0.4575586095392077,0.15708812260536398,0.5727272727272728,0.2662721893491124,0.3611111111111111,0.48000000000000004,0.34471803018268465,0.4285714285714285,0.45367132867132876,0.5723404255319147,0.4429223744292239,True,True,False,True,False,False,False,False,False,False,False,False,False,False,False,False,True,False,False,False,False,False,False,False,False,True,False,False,False
0.17500000000000004,0.38986556359875907,0.01834862385321101,0.1592562651576394,0.12260536398467436,0.42727272727272725,0.34911242603550285,0.32142857142857145,0.4,0.33280381254964253,0.4285714285714285,0.45367132867132876,0.5723404255319147,0.4474885844748857,True,True,False,False,False,True,False,False,False,False,False,False,False,False,False,False,True,False,False,False,False,False,False,False,False,True,False,False,False
0.275,0.576008273009307,0.027522935779816515,0.349232012934519,0.11111111111111116,0.609090909090909,0.2662721893491124,0.3611111111111111,0.4,0.33280381254964253,0.4285714285714285,0.45367132867132876,0.5723404255319147,0.4474885844748857,True,True,False,False,False,True,False,False,False,False,False,False,False,False,False,False,True,False,False,False,False,False,False,False,False,True,False,False,False
0.275,0.576008273009307,0.027522935779816515,0.4575586095392077,0.14176245210727967,0.5909090909090908,0.2662721893491124,0.3611111111111111,0.48000000000000004,0.33280381254964253,0.4285714285714285,0.45367132867132876,0.5723404255319147,0.4444444444444442,True,True,False,True,False,False,False,False,False,False,False,False,False,False,False,False,True,False,False,False,False,False,False,False,False,True,False,False,False
0.275,0.5966907962771457,0.027522935779816515,0.4575586095392077,0.13026819923371646,0.609090909090909,0.18934911242603547,0.42063492063492064,0.48000000000000004,0.33280381254964253,0.4285714285714285,0.4545454545454546,0.5723404255319147,0.42465753424657526,True,True,False,True,False,False,False,False,False,False,False,False,False,False,False,False,True,False,False,False,False,False,False,False,False,True,False,False,False
0.275,0.5966907962771457,0.027522935779816515,0.4575586095392077,0.14559386973180077,0.5909090909090908,0.18934911242603547,0.42063492063492064,0.48000000000000004,0.34471803018268465,0.4285714285714285,0.4545454545454546,0.5723404255319147,0.4231354642313545,True,True,False,True,False,False,False,False,False,False,False,False,False,False,False,False,True,False,False,False,False,False,False,False,False,True,False,False,False
0.125,0.6173733195449844,0.01834862385321101,0.16734033953112365,0.2183908045977011,0.4636363636363636,0.437869822485207,0.08333333333333333,0.4,0.25099285146942013,0.4285714285714285,0.48076923076923084,0.6340425531914891,0.5585996955859969,True,True,False,False,True,False,False,False,False,False,False,False,False,False,False,False,False,True,False,False,False,False,False,False,False,True,False,False,False
0.125,0.4829369183040331,0.01834862385321101,0.16734033953112365,0.15325670498084287,0.3545454545454545,0.437869822485207,0.08333333333333333,0.4,0.25099285146942013,0.4285714285714285,0.48076923076923084,0.6340425531914891,0.5585996955859969,True,True,False,False,True,False,False,False,False,False,False,False,False,False,False,False,False,True,False,False,False,False,False,False,False,True,False,False,False
0.275,0.420889348500517,0.01834862385321101,0.3807599029911075,0.1762452107279694,0.34545454545454546,0.10059171597633132,0.28174603174603174,0.64,0.12867355043685463,0.4285714285714285,0.2972027972027973,0.451063829787234,0.4672754946727551,True,True,False,True,False,False,False,False,False,False,False,False,False,False,False,True,False,False,False,False,False,False,False,False,False,True,False,False,False
0.275,0.420889348500517,0.01834862385321101,0.1859337105901374,0.12260536398467436,0.36363636363636365,0.2662721893491124,0.28174603174603174,0.64,0.136616362192216,0.4285714285714285,0.28409090909090917,0.451063829787234,0.4672754946727551,True,True,False,False,False,True,False,False,False,False,False,False,False,False,False,True,False,False,False,False,False,False,False,False,False,True,False,False,False
0.275,0.26577042399172696,0.01834862385321101,0.1859337105901374,0.16475095785440608,0.20909090909090908,0.2662721893491124,0.14285714285714285,0.0,0.136616362192216,0.4285714285714285,0.28409090909090917,0.451063829787234,0.4672754946727551,True,True,False,False,False,True,False,False,False,False,False,False,False,False,False,True,False,False,False,False,False,False,False,False,False,True,False,False,False
0.275,0.420889348500517,0.01834862385321101,0.1859337105901374,0.14942528735632188,0.36363636363636365,0.2662721893491124,0.28174603174603174,0.64,0.136616362192216,0.4285714285714285,0.28409090909090917,0.451063829787234,0.4672754946727551,True,True,False,False,False,True,False,False,False,False,False,False,False,False,False,True,False,False,False,False,False,False,False,False,False,True,False,False,False
0.275,0.420889348500517,0.01834862385321101,0.3807599029911075,0.1762452107279694,0.34545454545454546,0.136094674556213,0.28174603174603174,0.64,0.12867355043685463,0.4285714285714285,0.2972027972027973,0.451063829787234,0.4672754946727551,True,True,False,True,False,False,False,False,False,False,False,False,False,False,False,True,False,False,False,False,False,False,False,False,False,True,False,False,False
0.275,0.26577042399172696,0.01834862385321101,0.1859337105901374,0.16475095785440608,0.20909090909090908,0.2662721893491124,0.14285714285714285,0.0,0.136616362192216,0.4285714285714285,0.28409090909090917,0.451063829787234,0.4672754946727551,True,True,False,False,False,True,False,False,False,False,False,False,False,False,False,True,False,False,False,False,False,False,False,False,False,True,False,False,False
0.275,0.420889348500517,0.01834862385321101,0.1859337105901374,0.14942528735632188,0.36363636363636365,0.2662721893491124,0.28174603174603174,0.64,0.136616362192216,0.4285714285714285,0.28409090909090917,0.451063829787234,0.4672754946727551,True,True,False,False,False,True,False,False,False,False,False,False,False,False,False,True,False,False,False,False,False,False,False,False,False,True,False,False,False
0.275,0.420889348500517,0.01834862385321101,0.3476151980598221,0.15325670498084287,0.36363636363636365,0.08875739644970412,0.28174603174603174,0.64,0.17394757744241462,0.4285714285714285,0.34090909090909105,0.49787234042553186,0.3455098934550991,True,True,False,True,False,False,False,False,False,False,False,False,False,False,False,True,False,False,False,False,False,False,False,False,False,True,False,False,False
0.275,0.420889348500517,0.01834862385321101,0.1859337105901374,0.10344827586206895,0.4,0.21301775147928986,0.32142857142857145,0.64,0.17394757744241462,0.4285714285714285,0.34090909090909105,0.49787234042553186,0.3455098934550991,True,True,False,False,False,True,False,False,False,False,False,False,False,False,False,True,False,False,False,False,False,False,False,False,False,True,False,False,False
0.275,0.26577042399172696,0.01834862385321101,0.1859337105901374,0.13793103448275867,0.23636363636363636,0.2189349112426035,0.14285714285714285,0.0,0.17394757744241462,0.4285714285714285,0.34090909090909105,0.49787234042553186,0.3455098934550991,True,True,False,False,False,True,False,False,False,False,False,False,False,False,False,True,False,False,False,False,False,False,False,False,False,True,False,False,False
0.275,0.420889348500517,0.01834862385321101,0.1859337105901374,0.13026819923371646,0.4,0.21301775147928986,0.32142857142857145,0.64,0.17394757744241462,0.4285714285714285,0.34090909090909105,0.49787234042553186,0.3455098934550991,True,True,False,False,False,True,False,False,False,False,False,False,False,False,False,True,False,False,False,False,False,False,False,False,False,True,False,False,False
0.42500000000000004,0.7518097207859358,0.01834862385321101,0.48261924009700885,0.24904214559386972,0.5727272727272728,0.09467455621301771,0.7976190476190476,0.64,0.38046068308181097,0.4285714285714285,0.4698426573426575,0.6595744680851059,0.5722983257229832,True,True,False,True,False,False,False,False,False,False,False,False,False,False,False,False,False,True,False,False,False,False,False,False,False,True,False,False,False
0.375,0.7518097207859358,0.01834862385321101,0.21018593371059013,0.1915708812260536,0.6,0.2544378698224851,0.7976190476190476,0.64,0.38046068308181097,0.4285714285714285,0.4698426573426575,0.6595744680851059,0.5722983257229832,True,True,False,False,False,True,False,False,False,False,False,False,False,False,False,False,False,True,False,False,False,False,False,False,False,True,False,False,False
0.375,0.5491209927611169,0.01834862385321101,0.21018593371059013,0.1954022988505747,0.42727272727272725,0.2781065088757396,0.32142857142857145,0.64,0.38046068308181097,0.4285714285714285,0.4698426573426575,0.6595744680851059,0.5722983257229832,True,True,False,False,False,True,False,False,False,False,False,False,False,False,False,False,False,True,False,False,False,False,False,False,False,True,False,False,False
0.375,0.7518097207859358,0.01834862385321101,0.21018593371059013,0.1915708812260536,0.6,0.2544378698224851,0.7976190476190476,0.64,0.38046068308181097,0.4285714285714285,0.4698426573426575,0.6595744680851059,0.5722983257229832,True,True,False,False,False,True,False,False,False,False,False,False,False,False,False,False,False,True,False,False,False,False,False,False,False,True,False,False,False
0.375,0.7518097207859358,0.01834862385321101,0.4284559417946645,0.24904214559386972,0.5818181818181818,0.15976331360946744,0.7976190476190476,0.64,0.38046068308181097,0.4285714285714285,0.4698426573426575,0.6595744680851059,0.5722983257229832,True,True,False,True,False,False,False,False,False,False,False,False,False,False,False,False,False,True,False,False,False,False,False,False,False,True,False,False,False
0.375,0.7518097207859358,0.01834862385321101,0.4284559417946645,0.24904214559386972,0.5818181818181818,0.15976331360946744,0.7976190476190476,0.64,0.38046068308181097,0.4285714285714285,0.4698426573426575,0.6595744680851059,0.5722983257229832,True,True,False,True,False,False,False,False,False,False,False,False,False,False,False,False,False,True,False,False,False,False,False,False,False,True,False,False,False
0.17500000000000004,0.4415718717683557,0.0030581039755351695,0.18027485852869846,0.1724137931034483,0.3363636363636363,0.2781065088757396,0.28174603174603174,0.3,0.23034154090548054,0.4285714285714285,0.46765734265734293,0.5319148936170213,0.4885844748858448,True,True,False,True,False,False,False,False,False,False,False,False,False,False,False,False,True,False,False,False,False,False,False,False,False,True,False,False,False
0.3800000000000001,0.5553257497414685,0.5535168195718654,0.30719482619240096,0.03831417624521072,0.7090909090909091,0.1301775147928994,0.376984126984127,0.4,0.3518665607625099,0.4285714285714285,0.48076923076923084,0.5085106382978721,0.1704718417047184,True,True,False,True,False,False,False,False,False,True,False,False,False,False,False,False,False,False,False,False,False,False,False,False,False,False,True,False,False
0.3800000000000001,0.5553257497414685,0.5535168195718654,0.2724333063864187,0.030651340996168563,0.7454545454545455,0.17751479289940825,0.376984126984127,0.4,0.3518665607625099,0.4285714285714285,0.48076923076923084,0.5085106382978721,0.1704718417047184,True,True,False,False,False,True,False,False,False,True,False,False,False,False,False,False,False,False,False,False,False,False,False,False,False,False,True,False,False
0.685,0.5553257497414685,0.5535168195718654,0.50767987065481,0.12643678160919536,0.6454545454545454,0.059171597633136064,0.376984126984127,0.0,0.3518665607625099,0.4285714285714285,0.48076923076923084,0.5085106382978721,0.1552511415525113,True,True,False,True,False,False,False,False,False,True,False,False,False,False,False,False,False,False,False,False,False,False,False,False,False,False,True,False,False
0.3800000000000001,0.405377456049638,0.01834862385321101,0.24818108326596605,0.026819923371647514,0.5636363636363636,0.23076923076923067,0.32142857142857145,0.4,0.3518665607625099,0.4285714285714285,0.48076923076923084,0.5085106382978721,0.1704718417047184,True,True,False,False,False,True,False,False,False,True,False,False,False,False,False,False,False,False,False,False,False,False,False,False,False,False,True,False,False
0.625,0.7621509824198551,1.0000000000000002,0.25626515763945024,0.15708812260536398,0.7999999999999999,0.059171597633136064,0.4404761904761905,0.64,0.44320889594916596,0.4285714285714285,0.612325174825175,0.8021276595744684,0.1552511415525113,True,True,False,True,False,False,False,False,False,False,False,True,False,False,False,False,False,False,False,False,False,False,False,False,True,False,False,False,False
0.7849999999999999,0.7621509824198551,1.0000000000000002,0.25626515763945024,0.1877394636015326,0.7727272727272726,0.005917159763313584,0.4404761904761905,0.64,0.44320889594916596,0.4285714285714285,0.612325174825175,0.8021276595744684,0.1552511415525113,True,True,False,True,False,False,False,False,False,False,False,True,False,False,False,False,False,False,False,False,False,False,False,False,True,False,False,False,False
0.625,0.7621509824198551,1.0000000000000002,0.25626515763945024,0.2145593869731801,0.6363636363636364,0.10059171597633132,0.4404761904761905,0.9,0.21763304209690226,0.7142857142857143,0.6280594405594409,0.8276595744680852,0.5342465753424657,True,True,False,True,False,False,False,False,False,False,False,False,False,False,False,False,False,False,False,True,False,False,False,False,False,True,False,False,False
0.685,0.7621509824198551,1.0000000000000002,0.25626515763945024,0.27203065134099613,0.6,0.029585798816568032,0.4404761904761905,0.9,0.21763304209690226,0.7142857142857143,0.6280594405594409,0.8276595744680852,0.5342465753424657,True,True,False,True,False,False,False,False,False,False,False,False,False,False,False,False,False,False,False,True,False,False,False,False,False,True,False,False,False
0.3800000000000001,0.5553257497414685,0.5535168195718654,0.30719482619240096,0.08812260536398464,0.5818181818181818,0.1538461538461538,0.376984126984127,0.64,0.5583796664019063,0.4285714285714285,0.5113636363636362,0.7914893617021272,0.44901065449010646,True,True,False,True,False,False,False,False,False,False,False,False,False,False,False,False,False,True,False,False,False,False,False,False,False,True,False,False,False
0.3800000000000001,0.5553257497414685,0.5535168195718654,0.2724333063864187,0.04597701149425287,0.609090909090909,0.20118343195266264,0.376984126984127,0.64,0.5583796664019063,0.4285714285714285,0.5113636363636362,0.7914893617021272,0.44901065449010646,True,True,False,False,False,True,False,False,False,False,False,False,False,False,False,False,False,True,False,False,False,False,False,False,False,True,False,False,False
0.3800000000000001,0.405377456049638,0.01834862385321101,0.24818108326596605,0.04597701149425287,0.4363636363636363,0.2189349112426035,0.32142857142857145,0.64,0.5583796664019063,0.4285714285714285,0.5113636363636362,0.7914893617021272,0.44901065449010646,True,True,False,False,False,True,False,False,False,False,False,False,False,False,False,False,False,True,False,False,False,False,False,False,False,True,False,False,False
0.025000000000000022,0.4829369183040331,0.03211009174311927,0.11883589329021828,0.3639846743295019,0.22727272727272727,0.6568047337278106,0.19841269841269843,0.4,0.6656076250992851,0.9999999999999999,0.7486888111888113,0.6595744680851059,0.8538812785388128,True,True,False,False,True,False,False,False,False,False,False,False,False,False,False,False,False,False,False,False,True,False,False,False,False,False,False,True,False
0.025000000000000022,0.2585315408479834,0.01834862385321101,0.11883589329021828,0.4137931034482758,0.08181818181818182,0.5857988165680472,0.19444444444444448,0.4,0.35901509134233517,0.9999999999999999,0.5957167832167833,0.6595744680851059,0.8538812785388128,True,True,False,False,True,False,False,False,False,False,False,False,False,False,False,False,False,False,False,False,True,False,False,False,False,False,False,True,False
0.025000000000000022,0.4829369183040331,0.03211009174311927,0.11883589329021828,0.3563218390804598,0.22727272727272727,0.6568047337278106,0.19841269841269843,0.4,0.35901509134233517,0.9999999999999999,0.5957167832167833,0.6595744680851059,0.8538812785388128,True,True,False,False,True,False,False,False,False,False,False,False,False,False,False,False,False,False,False,False,True,False,False,False,False,False,False,True,False
0.03500000000000003,0.296794208893485,0.01834862385321101,0.11883589329021828,0.15325670498084287,0.1818181818181818,0.5621301775147928,0.20238095238095238,0.3,0.49563145353455124,0.4285714285714285,0.3422202797202798,0.6617021276595745,0.7214611872146119,True,True,False,False,True,False,False,False,False,False,False,False,False,False,False,False,False,False,False,False,True,False,False,False,False,False,False,True,False
0.03500000000000003,0.296794208893485,0.01834862385321101,0.11883589329021828,0.15325670498084287,0.1727272727272727,0.5621301775147928,0.20238095238095238,0.3,0.7140587768069897,0.7142857142857143,0.49519230769230793,0.6617021276595745,0.7382039573820394,True,True,False,False,True,False,False,False,False,False,False,False,False,False,False,False,False,False,False,False,True,False,False,False,False,False,False,True,False
0.17500000000000004,0.4415718717683557,0.0030581039755351695,0.18027485852869846,0.1724137931034483,0.38181818181818183,0.2781065088757396,0.28174603174603174,0.3,0.23907863383637806,0.4285714285714285,0.46765734265734293,0.5319148936170213,0.41248097412480966,True,True,False,True,False,False,False,False,False,False,False,False,False,False,False,False,True,False,False,False,False,False,False,False,False,True,False,False,False
0.17500000000000004,0.4415718717683557,0.0030581039755351695,0.1228779304769604,0.13793103448275867,0.3909090909090909,0.31360946745562124,0.28174603174603174,0.3,0.23907863383637806,0.4285714285714285,0.46765734265734293,0.5319148936170213,0.41248097412480966,True,True,False,False,True,False,False,False,False,False,False,False,False,False,False,False,True,False,False,False,False,False,False,False,False,True,False,False,False
0.375,0.6866597724922441,0.01834862385321101,0.3128536782538399,0.29501915708812265,0.49090909090909085,0.2189349112426035,0.3611111111111111,0.7200000000000001,0.17871326449563146,0.4285714285714285,0.4938811188811192,0.6893617021276599,0.5144596651445967,True,True,False,True,False,False,False,False,False,False,False,False,False,False,False,False,False,True,False,False,False,False,False,False,False,True,False,False,False
0.375,0.6866597724922441,0.01834862385321101,0.4098625707356507,0.33333333333333337,0.4818181818181818,0.19526627218934905,0.3611111111111111,0.7200000000000001,0.17871326449563146,0.4285714285714285,0.4938811188811192,0.6893617021276599,0.5144596651445967,True,True,False,True,False,False,False,False,False,False,False,False,False,False,False,False,False,True,False,False,False,False,False,False,False,True,False,False,False
0.17500000000000004,0.6690796277145812,0.03058103975535168,0.3613581244947453,0.27969348659003834,0.3909090909090909,0.2544378698224851,0.4603174603174603,0.64,0.94440031771247,0.7142857142857143,0.5856643356643358,0.7978723404255321,0.9101978691019785,True,True,False,True,False,False,False,False,False,False,False,False,False,False,False,False,False,False,False,False,True,False,False,False,False,False,False,True,False
0.17500000000000004,0.6690796277145812,0.03058103975535168,0.3613581244947453,0.31034482758620685,0.42727272727272725,0.3372781065088757,0.4603174603174603,0.4,0.94440031771247,0.7142857142857143,0.5865384615384617,0.7978723404255321,0.9056316590563167,True,True,False,False,False,True,False,False,False,False,False,False,False,False,False,False,False,False,False,False,True,False,False,False,False,False,False,True,False
0.17500000000000004,0.5966907962771457,0.027522935779816515,0.3613581244947453,0.32567049808429116,0.3545454545454545,0.2544378698224851,0.42063492063492064,0.7200000000000001,0.7704527402700556,0.5714285714285714,0.4772727272727275,0.7978723404255321,0.907153729071537,True,True,False,True,False,False,False,False,False,False,False,False,False,False,False,False,False,False,False,False,True,False,False,False,False,False,False,True,False
0.17500000000000004,0.5966907962771457,0.027522935779816515,0.3613581244947453,0.29885057471264365,0.40909090909090906,0.3195266272189348,0.42063492063492064,0.48000000000000004,0.7704527402700556,0.5714285714285714,0.4772727272727275,0.7978723404255321,0.9101978691019785,True,True,False,False,False,True,False,False,False,False,False,False,False,False,False,False,False,False,False,False,True,False,False,False,False,False,False,True,False
0.09999999999999998,0.38986556359875907,0.01834862385321101,0.1592562651576394,0.26436781609195403,0.2545454545454545,0.5029585798816567,0.32142857142857145,0.4,0.7704527402700556,0.5714285714285714,0.4772727272727275,0.7978723404255321,0.9101978691019785,True,True,False,False,False,True,False,False,False,False,False,False,False,False,False,False,False,False,False,False,True,False,False,False,False,False,False,True,False
0.275,0.5966907962771457,0.027522935779816515,0.349232012934519,0.08429118773946365,0.609090909090909,0.2189349112426035,0.42063492063492064,0.0,0.1858617950754567,0.4285714285714285,0.3068181818181819,0.42340425531914905,0.31811263318112637,True,True,False,False,False,True,False,False,True,False,False,False,False,False,False,False,False,False,False,False,False,False,False,True,False,False,False,False,False
0.375,0.5966907962771457,0.027522935779816515,0.349232012934519,0.08429118773946365,0.6,0.20118343195266264,0.42063492063492064,0.0,0.1858617950754567,0.4285714285714285,0.3068181818181819,0.42340425531914905,0.31811263318112637,True,True,False,False,False,True,False,False,True,False,False,False,False,False,False,False,False,False,False,False,False,False,False,True,False,False,False,False,False
0.17500000000000004,0.38986556359875907,0.01834862385321101,0.1592562651576394,0.10344827586206895,0.4181818181818182,0.3195266272189348,0.32142857142857145,0.0,0.1858617950754567,0.4285714285714285,0.28146853146853146,0.42340425531914905,0.35768645357686424,True,True,False,False,False,True,False,False,True,False,False,False,False,False,False,False,False,False,False,False,False,False,False,True,False,False,False,False,False
0.17500000000000004,0.576008273009307,0.027522935779816515,0.1592562651576394,0.11111111111111116,0.6,0.2899408284023668,0.3611111111111111,0.0,0.1858617950754567,0.4285714285714285,0.28146853146853146,0.42340425531914905,0.35768645357686424,True,True,False,False,False,True,False,False,True,False,False,False,False,False,False,False,False,False,False,False,False,False,False,True,False,False,False,False,False
0.17500000000000004,0.3174767321613237,0.015290519877675844,0.1592562651576394,0.09578544061302685,0.34545454545454546,0.35502958579881644,0.24206349206349204,0.0,0.1858617950754567,0.4285714285714285,0.28146853146853146,0.42340425531914905,0.35768645357686424,True,True,False,False,False,True,False,False,True,False,False,False,False,False,False,False,False,False,False,False,False,False,False,True,False,False,False,False,False
0.275,0.576008273009307,0.027522935779816515,0.4575586095392077,0.16475095785440608,0.5181818181818182,0.18934911242603547,0.3611111111111111,0.48000000000000004,0.3113582208101668,0.4285714285714285,0.42132867132867124,0.5148936170212766,0.4596651445966513,True,True,False,True,False,False,False,False,False,False,False,False,False,False,False,False,True,False,False,False,False,False,False,False,False,True,False,False,False
0.275,0.576008273009307,0.027522935779816515,0.349232012934519,0.15325670498084287,0.5636363636363636,0.2662721893491124,0.3611111111111111,0.4,0.3113582208101668,0.4285714285714285,0.42132867132867124,0.5148936170212766,0.4596651445966513,True,True,False,False,False,True,False,False,False,False,False,False,False,False,False,False,True,False,False,False,False,False,False,False,False,True,False,False,False
0.275,0.576008273009307,0.027522935779816515,0.4575586095392077,0.1762452107279694,0.5454545454545454,0.2603550295857987,0.3611111111111111,0.48000000000000004,0.3113582208101668,0.4285714285714285,0.42132867132867124,0.5148936170212766,0.4596651445966513,True,True,False,True,False,False,False,False,False,False,False,False,False,False,False,False,True,False,False,False,False,False,False,False,False,True,False,False,False
0.17500000000000004,0.3174767321613237,0.015290519877675844,0.1592562651576394,0.13026819923371646,0.2727272727272727,0.4023668639053254,0.23015873015873017,0.4,0.3113582208101668,0.4285714285714285,0.42132867132867124,0.5148936170212766,0.47336377473363767,True,True,False,False,False,True,False,False,False,False,False,False,False,False,False,False,True,False,False,False,False,False,False,False,False,True,False,False,False
0.275,0.576008273009307,0.027522935779816515,0.4575586095392077,0.13409961685823757,0.5363636363636364,0.19526627218934905,0.3611111111111111,0.48000000000000004,0.3161239078633836,0.4285714285714285,0.4278846153846154,0.5148936170212766,0.4353120243531201,True,True,False,True,False,False,False,False,False,False,False,False,False,False,False,False,True,False,False,False,False,False,False,False,False,True,False,False,False
0.275,0.576008273009307,0.027522935779816515,0.349232012934519,0.11111111111111116,0.5909090909090908,0.2662721893491124,0.3611111111111111,0.4,0.3161239078633836,0.4285714285714285,0.4278846153846154,0.5148936170212766,0.4353120243531201,True,True,False,False,False,True,False,False,False,False,False,False,False,False,False,False,True,False,False,False,False,False,False,False,False,True,False,False,False
0.17500000000000004,0.3174767321613237,0.027522935779816515,0.1592562651576394,0.12643678160919536,0.3363636363636363,0.39644970414201175,0.23015873015873017,0.4,0.3161239078633836,0.4285714285714285,0.4278846153846154,0.5148936170212766,0.4353120243531201,True,True,False,False,False,True,False,False,False,False,False,False,False,False,False,False,True,False,False,False,False,False,False,False,False,True,False,False,False
0.275,0.6690796277145812,0.03058103975535168,0.3613581244947453,0.13793103448275867,0.6636363636363636,0.18934911242603547,0.4603174603174603,0.48000000000000004,0.30262112787926926,0.4285714285714285,0.5861013986013988,0.5361702127659576,0.31506849315068486,True,True,False,True,False,False,False,False,False,False,True,False,False,False,False,False,False,False,False,False,False,False,False,False,True,False,False,False,False
0.275,0.576008273009307,0.027522935779816515,0.35327405012126106,0.08812260536398464,0.6181818181818182,0.2544378698224851,0.38095238095238093,0.4,0.30262112787926926,0.4285714285714285,0.5861013986013988,0.5361702127659576,0.31506849315068486,True,True,False,False,False,True,False,False,False,False,True,False,False,False,False,False,False,False,False,False,False,False,False,False,True,False,False,False,False
0.275,0.6690796277145812,0.03058103975535168,0.35327405012126106,0.09195402298850575,0.7090909090909091,0.2603550295857987,0.4603174603174603,0.4,0.30262112787926926,0.4285714285714285,0.5861013986013988,0.5361702127659576,0.31506849315068486,True,True,False,False,False,True,False,False,False,False,True,False,False,False,False,False,False,False,False,False,False,False,False,False,True,False,False,False,False
0.275,0.6690796277145812,0.03058103975535168,0.3613581244947453,0.14559386973180077,0.6636363636363636,0.19526627218934905,0.4603174603174603,0.48000000000000004,0.36060365369340747,0.4285714285714285,0.5861013986013988,0.5361702127659576,0.31506849315068486,True,True,False,True,False,False,False,False,False,False,True,False,False,False,False,False,False,False,False,False,False,False,False,False,False,False,False,False,True
0.275,0.576008273009307,0.027522935779816515,0.35327405012126106,0.14176245210727967,0.609090909090909,0.2603550295857987,0.38095238095238093,0.4,0.36060365369340747,0.4285714285714285,0.5861013986013988,0.5361702127659576,0.31506849315068486,True,True,False,False,False,True,False,False,False,False,True,False,False,False,False,False,False,False,False,False,False,False,False,False,False,False,False,False,True
0.275,0.6690796277145812,0.03058103975535168,0.35327405012126106,0.06130268199233718,0.7,0.2662721893491124,0.4603174603174603,0.4,0.36060365369340747,0.4285714285714285,0.5861013986013988,0.5361702127659576,0.31506849315068486,True,True,False,False,False,True,False,False,False,False,True,False,False,False,False,False,False,False,False,False,False,False,False,False,False,False,False,False,True
0.275,0.4725956566701138,0.01834862385321101,0.24818108326596605,0.16091954022988508,0.40909090909090906,0.301775147928994,0.32142857142857145,0.6,0.20095313741064336,0.4285714285714285,0.35839160839160855,0.5595744680851062,0.40639269406392664,True,True,False,False,False,True,False,False,False,False,False,False,False,False,False,False,True,False,False,False,False,False,False,False,False,True,False,False,False
0.275,0.5966907962771457,0.03211009174311927,0.24818108326596605,0.14176245210727967,0.5181818181818182,0.301775147928994,0.38095238095238093,0.6,0.20095313741064336,0.4285714285714285,0.35839160839160855,0.5595744680851062,0.40639269406392664,True,True,False,False,False,True,False,False,False,False,False,False,False,False,False,False,True,False,False,False,False,False,False,False,False,True,False,False,False
0.275,0.5966907962771457,0.03211009174311927,0.4502829426030719,0.1762452107279694,0.4818181818181818,0.1538461538461538,0.38095238095238093,0.7200000000000001,0.20095313741064336,0.4285714285714285,0.35839160839160855,0.5595744680851062,0.40639269406392664,True,True,False,True,False,False,False,False,False,False,False,False,False,False,False,False,True,False,False,False,False,False,False,False,False,True,False,False,False
0.275,0.5966907962771457,0.03211009174311927,0.4502829426030719,0.1762452107279694,0.4818181818181818,0.14201183431952658,0.38095238095238093,0.7200000000000001,0.20095313741064336,0.4285714285714285,0.35839160839160855,0.5595744680851062,0.40639269406392664,True,True,False,True,False,False,False,False,False,False,False,False,False,False,False,False,True,False,False,False,False,False,False,False,False,True,False,False,False
0.275,0.6897621509824199,0.01834862385321101,0.29668552950687144,0.09961685823754785,0.6363636363636364,0.2781065088757396,0.6388888888888888,0.64,0.23431294678316122,0.4285714285714285,0.6031468531468533,0.7063829787234042,0.33028919330289197,True,True,False,False,False,True,False,False,False,False,False,True,False,False,False,False,False,False,False,False,False,False,False,False,True,False,False,False,False
0.275,0.8345398138572906,0.01834862385321101,0.4502829426030719,0.14176245210727967,0.7181818181818181,0.19526627218934905,0.7777777777777777,0.8,0.23431294678316122,0.4285714285714285,0.6031468531468533,0.7063829787234042,0.33028919330289197,True,True,False,True,False,False,False,False,False,False,False,True,False,False,False,False,False,False,False,False,False,False,False,False,True,False,False,False,False
0.275,0.8345398138572906,0.01834862385321101,0.6119644300727566,0.14176245210727967,0.7181818181818181,0.10650887573964493,0.7777777777777777,0.8,0.23431294678316122,0.4285714285714285,0.6031468531468533,0.7063829787234042,0.33028919330289197,True,True,False,True,False,False,False,False,False,False,False,True,False,False,False,False,False,False,False,False,False,False,False,False,True,False,False,False,False
0.275,0.45191313340227507,0.01834862385321101,0.3476151980598221,0.16475095785440608,0.3545454545454545,0.08875739644970412,0.33730158730158727,0.64,0.13264495631453532,0.4285714285714285,0.2679195804195804,0.4829787234042553,0.3713850837138506,True,True,False,True,False,False,False,False,False,False,False,False,False,False,False,True,False,False,False,False,False,False,False,False,False,True,False,False,False
0.275,0.28645294725956566,0.01834862385321101,0.1859337105901374,0.14559386973180077,0.2545454545454545,0.20710059171597628,0.20238095238095238,0.4,0.13264495631453532,0.4285714285714285,0.2679195804195804,0.4829787234042553,0.3348554033485538,True,True,False,False,False,True,False,False,False,False,False,False,False,False,False,True,False,False,False,False,False,False,False,False,False,True,False,False,False
0.275,0.45191313340227507,0.01834862385321101,0.1859337105901374,0.11111111111111116,0.4181818181818182,0.18343195266272183,0.3333333333333333,0.64,0.13264495631453532,0.4285714285714285,0.2679195804195804,0.4829787234042553,0.3348554033485538,True,True,False,False,False,True,False,False,False,False,False,False,False,False,False,True,False,False,False,False,False,False,False,False,False,True,False,False,False
0.275,0.45191313340227507,0.01834862385321101,0.3476151980598221,0.13793103448275867,0.3727272727272727,0.08284023668639051,0.3333333333333333,0.64,0.13264495631453532,0.4285714285714285,0.2679195804195804,0.4829787234042553,0.3348554033485538,True,True,False,True,False,False,False,False,False,False,False,False,False,False,False,True,False,False,False,False,False,False,False,False,False,True,False,False,False
0.275,0.4725956566701138,0.01834862385321101,0.24818108326596605,0.1724137931034483,0.38181818181818183,0.301775147928994,0.32142857142857145,0.6,0.2057188244638602,0.4285714285714285,0.35839160839160855,0.5382978723404253,0.4916286149162863,True,True,False,False,False,True,False,False,False,False,False,False,False,False,False,False,True,False,False,False,False,False,False,False,False,True,False,False,False
0.275,0.5966907962771457,0.03211009174311927,0.24818108326596605,0.16475095785440608,0.4818181818181818,0.301775147928994,0.38095238095238093,0.6,0.2057188244638602,0.4285714285714285,0.35839160839160855,0.5382978723404253,0.4916286149162863,True,True,False,False,False,True,False,False,False,False,False,False,False,False,False,False,True,False,False,False,False,False,False,False,False,True,False,False,False
0.275,0.5966907962771457,0.03211009174311927,0.4502829426030719,0.2068965517241379,0.4545454545454545,0.1538461538461538,0.38095238095238093,0.7200000000000001,0.2057188244638602,0.4285714285714285,0.35839160839160855,0.5382978723404253,0.4916286149162863,True,True,False,True,False,False,False,False,False,False,False,False,False,False,False,False,True,False,False,False,False,False,False,False,False,True,False,False,False
0.275,0.5966907962771457,0.03211009174311927,0.4502829426030719,0.2068965517241379,0.4545454545454545,0.14201183431952658,0.38095238095238093,0.7200000000000001,0.2057188244638602,0.4285714285714285,0.35839160839160855,0.5382978723404253,0.4916286149162863,True,True,False,True,False,False,False,False,False,False,False,False,False,False,False,False,True,False,False,False,False,False,False,False,False,True,False,False,False
0.275,0.8138572905894519,0.015290519877675844,0.3047696038803557,0.27969348659003834,0.5909090909090908,0.3668639053254437,0.4404761904761905,0.48000000000000004,0.12629070691024621,0.7142857142857143,0.6193181818181821,0.7531914893617024,0.6316590563165905,True,True,False,False,False,True,False,False,False,False,False,False,False,False,False,False,False,False,False,True,False,False,False,False,False,True,False,False,False
0.275,0.8862461220268871,0.016819571865443427,0.5311236863379143,0.30268199233716475,0.609090909090909,0.2189349112426035,0.4801587301587302,0.88,0.12629070691024621,0.7142857142857143,0.6193181818181821,0.7531914893617024,0.6316590563165905,True,True,False,True,False,False,False,False,False,False,False,False,False,False,False,False,False,False,False,True,False,False,False,False,False,True,False,False,False
0.275,0.8862461220268871,0.016819571865443427,0.6443007275666935,0.30268199233716475,0.5818181818181818,0.15976331360946744,0.4801587301587302,0.88,0.12629070691024621,0.7142857142857143,0.6193181818181821,0.7531914893617024,0.6316590563165905,True,True,False,True,False,False,False,False,False,False,False,False,False,False,False,False,False,False,False,True,False,False,False,False,False,True,False,False,False
0.375,0.8138572905894519,0.01834862385321101,0.4907033144704931,0.34865900383141757,0.6272727272727272,0.1301775147928994,0.20238095238095238,0.8,0.3169181890389198,0.4285714285714285,0.5616258741258742,0.7234042553191484,0.480974124809741,True,True,False,True,False,False,False,False,False,False,False,False,False,False,False,False,False,False,True,False,False,False,False,False,False,True,False,False,False
0.375,0.6845915201654602,0.01834862385321101,0.44219886822958765,0.1915708812260536,0.6181818181818182,0.11242603550295852,0.5992063492063491,0.6,0.3335980937251787,0.4285714285714285,0.49519230769230793,0.6595744680851059,0.4885844748858448,True,True,False,True,False,False,False,False,False,False,False,False,False,False,False,False,False,True,False,False,False,False,False,False,False,True,False,False,False
0.375,0.6845915201654602,0.01834862385321101,0.2643492320129345,0.1724137931034483,0.6272727272727272,0.2662721893491124,0.5992063492063491,0.6,0.3335980937251787,0.4285714285714285,0.49519230769230793,0.6595744680851059,0.4885844748858448,True,True,False,False,False,True,False,False,False,False,False,False,False,False,False,False,False,True,False,False,False,False,False,False,False,True,False,False,False
0.375,0.4622543950361944,0.01834862385321101,0.2643492320129345,0.16475095785440608,0.42727272727272725,0.2781065088757396,0.4404761904761905,0.6,0.3335980937251787,0.4285714285714285,0.49519230769230793,0.6595744680851059,0.4885844748858448,True,True,False,False,False,True,False,False,False,False,False,False,False,False,False,False,False,True,False,False,False,False,False,False,False,True,False,False,False
0.375,0.7425025853154084,0.01834862385321101,0.48827809215844786,0.26819923371647514,0.6,0.10059171597633132,0.7738095238095237,0.6,0.4042891183478951,0.4285714285714285,0.5555069930069929,0.6957446808510639,0.5190258751902586,True,True,False,True,False,False,False,False,False,False,False,False,False,False,False,False,False,False,True,False,False,False,False,False,False,True,False,False,False
0.375,0.7425025853154084,0.01834862385321101,0.25626515763945024,0.2068965517241379,0.6272727272727272,0.24852071005917153,0.7738095238095237,0.6,0.4042891183478951,0.4285714285714285,0.5555069930069929,0.6957446808510639,0.5190258751902586,True,True,False,False,False,True,False,False,False,False,False,False,False,False,False,False,False,False,True,False,False,False,False,False,False,True,False,False,False
0.375,0.5635987590486038,0.01834862385321101,0.25626515763945024,0.2145593869731801,0.47272727272727266,0.24852071005917153,0.5595238095238094,0.6,0.4042891183478951,0.4285714285714285,0.5555069930069929,0.6957446808510639,0.5342465753424657,True,True,False,False,False,True,False,False,False,False,False,False,False,False,False,False,False,False,True,False,False,False,False,False,False,True,False,False,False
0.375,0.6349534643226473,0.01834862385321101,0.5206143896523847,0.210727969348659,0.5909090909090908,0.11242603550295852,0.4325396825396825,0.0,0.2295472597299444,0.4285714285714285,0.5541958041958042,0.6085106382978722,0.18417047184170476,True,True,False,True,False,False,False,False,False,False,True,False,False,False,False,False,False,False,False,False,False,False,False,False,False,False,True,False,False
0.375,0.6349534643226473,0.01834862385321101,0.2643492320129345,0.13409961685823757,0.6545454545454545,0.2662721893491124,0.4325396825396825,0.0,0.2295472597299444,0.4285714285714285,0.5541958041958042,0.6085106382978722,0.18417047184170476,True,True,False,False,False,True,False,False,False,False,True,False,False,False,False,False,False,False,False,False,False,False,False,False,False,False,True,False,False
0.375,0.6349534643226473,0.01834862385321101,0.5206143896523847,0.210727969348659,0.5818181818181818,0.11242603550295852,0.4325396825396825,0.0,0.2295472597299444,0.4285714285714285,0.5541958041958042,0.6085106382978722,0.18417047184170476,True,True,False,True,False,False,False,False,False,False,True,False,False,False,False,False,False,False,False,False,False,False,False,False,False,False,True,False,False
0.375,0.7518097207859358,0.004841997961264017,0.1859337105901374,0.16475095785440608,0.6727272727272727,0.29585798816568043,0.42063492063492064,0.6,0.30818109610802225,0.4285714285714285,0.5834790209790213,0.8276595744680852,0.35159817351598166,True,True,False,False,False,True,False,False,False,False,True,False,False,False,False,False,False,False,False,False,False,False,False,False,True,False,False,False,False
0.375,0.7518097207859358,0.004841997961264017,0.4632174616006467,0.1915708812260536,0.6272727272727272,0.09467455621301771,0.42063492063492064,0.8,0.30818109610802225,0.4285714285714285,0.5834790209790213,0.8276595744680852,0.35159817351598166,True,True,False,True,False,False,False,False,False,False,True,False,False,False,False,False,False,False,False,False,False,False,False,False,True,False,False,False,False
0.375,0.7518097207859358,0.004841997961264017,0.4632174616006467,0.2030651340996169,0.6272727272727272,0.09467455621301771,0.42063492063492064,0.8,0.30818109610802225,0.4285714285714285,0.5834790209790213,0.8276595744680852,0.33333333333333304,True,True,False,True,False,False,False,False,False,False,True,False,False,False,False,False,False,False,False,False,False,False,False,False,True,False,False,False,False
0.42500000000000004,0.7518097207859358,0.01834862385321101,0.2643492320129345,0.16858237547892718,0.6181818181818182,0.2248520710059171,0.9166666666666665,0.8,0.30818109610802225,0.4285714285714285,0.5100524475524475,0.6808510638297873,0.4885844748858448,True,True,False,False,False,True,False,False,False,False,False,False,False,False,False,False,False,True,False,False,False,False,False,False,False,True,False,False,False
0.42500000000000004,0.7518097207859358,0.01834862385321101,0.48261924009700885,0.24521072796934862,0.5727272727272728,0.09467455621301771,0.9166666666666665,0.8,0.30818109610802225,0.4285714285714285,0.5100524475524475,0.6808510638297873,0.4885844748858448,True,True,False,True,False,False,False,False,False,False,False,False,False,False,False,False,False,True,False,False,False,False,False,False,False,True,False,False,False
0.42500000000000004,0.5139607032057911,0.01834862385321101,0.2643492320129345,0.14942528735632188,0.4181818181818182,0.2248520710059171,0.8373015873015872,0.8,0.30818109610802225,0.4285714285714285,0.5100524475524475,0.6808510638297873,0.4885844748858448,True,True,False,False,False,True,False,False,False,False,False,False,False,False,False,False,False,True,False,False,False,False,False,False,False,True,False,False,False
0.32500000000000007,0.28645294725956566,0.01834862385321101,0.1859337105901374,0.14942528735632188,0.23636363636363636,0.2189349112426035,0.16269841269841273,0.64,0.1675933280381255,0.4285714285714285,0.354895104895105,0.48085106382978715,0.36073059360730575,True,True,False,False,False,True,False,False,False,False,False,False,False,False,False,True,False,False,False,False,False,False,False,False,False,True,False,False,False
0.32500000000000007,0.45191313340227507,0.01834862385321101,0.1859337105901374,0.14176245210727967,0.40909090909090906,0.20118343195266264,0.33730158730158727,0.64,0.1675933280381255,0.4285714285714285,0.354895104895105,0.48085106382978715,0.36073059360730575,True,True,False,False,False,True,False,False,False,False,False,False,False,False,False,True,False,False,False,False,False,False,False,False,False,True,False,False,False
0.32500000000000007,0.45191313340227507,0.01834862385321101,0.3476151980598221,0.16858237547892718,0.3909090909090909,0.09467455621301771,0.33730158730158727,0.64,0.1675933280381255,0.4285714285714285,0.354895104895105,0.48085106382978715,0.36073059360730575,True,True,False,True,False,False,False,False,False,False,False,False,False,False,False,True,False,False,False,False,False,False,False,False,False,True,False,False,False
0.125,0.20579110651499483,0.005096839959225281,0.07033144704931286,0.06130268199233718,0.20909090909090908,0.34911242603550285,0.14285714285714285,0.0,0.20095313741064336,0.4285714285714285,0.167395104895105,0.5851063829787231,0.3470319634703194,True,True,False,False,False,True,False,True,False,False,False,False,False,False,False,False,False,False,False,False,False,False,False,True,False,False,False,False,False
